Workbook

Sheet Pool_1
L3: Match 1 | M3: =C25 -> Ronald | N3: =E25 -> Diego | O3: =if(AND(C41 = 0, F41 = 0), "Pending", "") | T3: MATCHES | U3: =T4 -> Diego | V3: =T5 -> Eminence Bruin | W3: =T6 -> Tim the Burgundy Enchanter | X3: =T7 -> Teun | Y3: =T8 -> Teake | Z3: =T9 -> Ronald | AA3: Matches Lost | AB3: Won | AC3: Lost | AD3: Total | AG3: ORDER | AI3: BY MATCHES
L4: Match 2 | M4: =C45 -> Eminence Bruin | N4: =E45 -> Teake | O4: =if(AND(C61 = 0, F61 = 0), "Pending", "") | T4: =H8 -> Diego | V4: =F122 -> -1 | W4: =L102 -> 1 | X4: =R62 -> 1 | Y4: =R122 -> -1 | Z4: =C42 -> 1 | AA4: =SUMIF(U4:Z4, ">0") -> 3 | AB4: =U10 -> 2 | AC4: =AA4 -> 3 | AD4: =AB4-AC4+(0.01*AD14)+(0.001*AD24) -> -1.099 | AE4: =T4 -> Diego | AG4: {=sort(AD4:AE9, 1, FALSE)} -> 1.953 | AH4: Tim the Burgundy Enchanter | AI4: Classify
L5: Match 3 | M5: =C65 -> Tim the Burgundy Enchanter | N5: =E65 -> Teun | O5: =if(AND(C81 = 0, F81 = 0), "Pending", "") | T5: =H9 -> Eminence Bruin | U5: =C122 -> 1 | W5: =R82 -> -1 | X5: =L122 -> 0 | Y5: =F62 -> -1 | Z5: =L82 -> -1 | AA5: =SUMIF(U5:Z5, ">0") -> 1 | AB5: =V10 -> 3 | AC5: =AA5 -> 1 | AD5: =AB5-AC5+(0.01*AD15)+(0.001*AD25) -> 1.887 | AE5: =T5 -> Eminence Bruin | AG5: 1.887 | AH5: Eminence Bruin | AI5: Classify
H6: INPUT | L6: Match 4 | M6: =C85 -> Ronald | N6: =E85 -> Teake | O6: =if(AND(C101 = 0, F101 = 0), "Pending", "") | T6: =H10 -> Tim the Burgundy Enchanter | U6: =I102 -> -1 | V6: =O82 -> 1 | X6: =F82 -> 0 | Y6: =R42 -> -1 | Z6: =I42 -> -1 | AA6: =SUMIF(U6:Z6, ">0") -> 1 | AB6: =W10 -> 3 | AC6: =AA6 -> 1 | AD6: =AB6-AC6+(0.01*AD16)+(0.001*AD26) -> 1.953 | AE6: =T6 -> Tim the Burgundy Enchanter | AG6: 0.942 | AH6: Teun | AI6: TBC
L7: Match 5 | M7: =C105 -> Diego | N7: =E105 -> Eminence Bruin | O7: =if(AND(C121 = 0, F121 = 0), "Pending", "") | T7: =H11 -> Teun | U7: =O62 -> -1 | V7: =I122 -> 0 | W7: =C82 -> 0 | Y7: =L62 -> -1 | Z7: =R102 -> 1 | AA7: =SUMIF(U7:Z7, ">0") -> 1 | AB7: =X10 -> 2 | AC7: =AA7 -> 1 | AD7: =AB7-AC7+(0.01*AD17)+(0.001*AD27) -> 0.942 | AE7: =T7 -> Teun | AG7: 0.901 | AH7: Ronald
H8: Diego | L8: Match 6 | M8: =I25 -> Ronald | N8: =K25 -> Tim the Burgundy Enchanter | O8: =if(AND(I41 = 0, L41 = 0), "Pending", "") | T8: =H12 -> Teake | U8: =O122 -> 1 | V8: =C62 -> 1 | W8: =O42 -> 1 | X8: =I62 -> 1 | Z8: =C102 -> 1 | AA8: =SUMIF(U8:Z8, ">0") -> 5 | AB8: =Y10 -> 0 | AC8: =AA8 -> 5 | AD8: =AB8-AC8+(0.01*AD18)+(0.001*AD28) -> -5.124 | AE8: =T8 -> Teake | AG8: -1.099 | AH8: Diego
H9: Eminence Bruin | L9: Match 7 | M9: =I45 -> Teun | N9: =K45 -> Teake | O9: =if(AND(I61 = 0, L61 = 0), "Pending", "") | T9: =H13 -> Ronald | U9: =F42 -> -1 | V9: =I82 -> 1 | W9: =L42 -> 1 | X9: =O102 -> -1 | Y9: =F102 -> -1 | AA9: =SUMIF(U9:Z9, ">0") -> 2 | AB9: =Z10 -> 3 | AC9: =AA9 -> 2 | AD9: =AB9-AC9+(0.01*AD19)+(0.001*AD29) -> 0.901 | AE9: =T9 -> Ronald | AG9: -5.124 | AH9: Teake
H10: Tim the Burgundy Enchanter | L10: Match 8 | M10: =I65 -> Eminence Bruin | N10: =K65 -> Ronald | O10: =if(AND(I81 = 0, L81 = 0), "Pending", "") | T10: Matches Won | U10: =SUMIF(U4:U9, ">0" ,U4:U9) -> 2 | V10: =SUMIF(V4:V9, ">0" ,V4:V9) -> 3 | W10: =SUMIF(W4:W9, ">0" ,W4:W9) -> 3 | X10: =SUMIF(X4:X9, ">0" ,X4:X9) -> 2 | Y10: =SUMIF(Y4:Y9, ">0" ,Y4:Y9) -> 0 | Z10: =SUMIF(Z4:Z9, ">0" ,Z4:Z9) -> 3
H11: Teun | L11: Match 9 | M11: =I85 -> Diego | N11: =K85 -> Tim the Burgundy Enchanter | O11: =if(AND(I101 = 0, L101 = 0), "Pending", "") | U11: =U3 -> Diego | V11: =V3 -> Eminence Bruin | W11: =W3 -> Tim the Burgundy Enchanter | X11: =X3 -> Teun | Y11: =Y3 -> Teake | Z11: =Z3 -> Ronald
H12: Teake | L12: Match 10 | M12: =I105 -> Eminence Bruin | N12: =K105 -> Teun | O12: =if(AND(I121 = 0, L121 = 0), "Pending", "")
H13: Ronald | L13: Match 11 | M13: =O25 -> Tim the Burgundy Enchanter | N13: =Q25 -> Teake | O13: =if(AND(O41 = 0, R41 = 0), "Pending", "") | T13: Doubles | U13: =T14 -> Diego | V13: =T15 -> Eminence Bruin | W13: =T16 -> Tim the Burgundy Enchanter | X13: =T17 -> Teun | Y13: =T18 -> Teake | Z13: =T19 -> Ronald | AA13: Doubles | AD13: Total | AG13: ORDER | AI13: BY POINTS
L14: Match 12 | M14: =O45 -> Diego | N14: =Q45 -> Teun | O14: =if(AND(O61 = 0, R61 = 0), "Pending", "") | T14: =H8 -> Diego | V14: =E121 -> 2 | W14: =K101 -> 3 | X14: =Q61 -> 1 | Y14: =Q121 -> 2 | Z14: =D41 -> 3 | AA14: =SUMIF(U14:Z14, ">0") -> 11 | AD14: =-AA14 -> -11 | AE14: =T14 -> Diego | AG14: {=SORT(AD14:AE19, 1, FALSE)} -> -7 | AH14: Tim the Burgundy Enchanter | AI14: Classify
L15: Match 13 | M15: =O65 -> Eminence Bruin | N15: =Q65 -> Tim the Burgundy Enchanter | O15: =if(AND(O81 = 0, R81 = 0), "Pending", "") | T15: =H9 -> Eminence Bruin | U15: =D121 -> 2 | W15: =Q81 -> 3 | X15: =K121 -> 3 | Y15: =E61 -> 1 | Z15: =K81 -> 3 | AA15: =SUMIF(U15:Z15, ">0") -> 12 | AD15: =-AA15 -> -12 | AE15: =T15 -> Eminence Bruin | AG15: -7 | AH15: Teun | AI15: Classify
L16: Match 14 | M16: =O85 -> Teun | N16: =Q85 -> Ronald | O16: =if(AND(O101 = 0, R101 = 0), "Pending", "") | T16: =H10 -> Tim the Burgundy Enchanter | U16: =J101 -> 3 | V16: =P81 -> 3 | X16: =E81 -> 1 | Y16: =Q41 -> 0 | Z16: =J41 -> 0 | AA16: =SUMIF(U16:Z16, ">0") -> 7 | AD16: =-AA16 -> -7 | AE16: =T16 -> Tim the Burgundy Enchanter | AG16: -7 | AH16: Teake | AI16: TBC
L17: Match 15 | M17: =O105 -> Diego | N17: =Q105 -> Teake | O17: =if(AND(O121 = 0, R121 = 0), "Pending", "") | T17: =H11 -> Teun | U17: =P61 -> 1 | V17: =J121 -> 3 | W17: =D81 -> 1 | Y17: =K61 -> 1 | Z17: =Q101 -> 1 | AA17: =SUMIF(U17:Z17, ">0") -> 7 | AD17: =-AA17 -> -7 | AE17: =T17 -> Teun | AG17: -10 | AH17: Ronald
T18: =H12 -> Teake | U18: =P121 -> 2 | V18: =D61 -> 1 | W18: =P41 -> 0 | X18: =J61 -> 1 | Z18: =D101 -> 3 | AA18: =SUMIF(U18:Z18, ">0") -> 7 | AD18: =-AA18 -> -7 | AE18: =T18 -> Teake | AG18: -11 | AH18: Diego
T19: =H13 -> Ronald | U19: =E41 -> 3 | V19: =J81 -> 3 | W19: =K41 -> 0 | X19: =P101 -> 1 | Y19: =E101 -> 3 | AA19: =SUMIF(U19:Z19, ">0") -> 10 | AD19: =-AA19 -> -10 | AE19: =T19 -> Ronald | AG19: -12 | AH19: Eminence Bruin
T20: Doubles | U20: =SUM(U14:U19) -> 11 | V20: =SUM(V14:V19) -> 12 | W20: =SUM(W14:W19) -> 7 | X20: =SUM(X14:X19) -> 7 | Y20: =SUM(Y14:Y19) -> 7 | Z20: =SUM(Z14:Z19) -> 10
U21: =U13 -> Diego | V21: =V13 -> Eminence Bruin | W21: =W13 -> Tim the Burgundy Enchanter | X21: =X13 -> Teun | Y21: =Y13 -> Teake | Z21: =Z13 -> Ronald
AD22: 50
D23: INPUT | J23: INPUT | P23: INPUT | T23: POINTS | U23: =T24 -> Diego | V23: =T25 -> Eminence Bruin | W23: =T26 -> Tim the Burgundy Enchanter | X23: =T27 -> Teun | Y23: =T28 -> Teake | Z23: =T29 -> Ronald | AA23: Points Lost | AB23: Won | AC23: Lost | AD23: Total | AG23: ORDER | AI23: BY POINTS
T24: =H8 -> Diego | V24: =F121 -> 6 | W24: =L101 -> 7 | X24: =R61 -> 12 | Y24: =R121 -> 2 | Z24: =C41 -> 9 | AA24: =SUMIF(U24:Z24, ">0") -> 36 | AB24: =U30 -> 47 | AC24: =AA24 -> 36 | AD24: =AB24-AC24 -> 11 | AE24: =T24 -> Diego | AG24: {=SORT(AD24:AE29, 1, FALSE)} -> 23 | AH24: Tim the Burgundy Enchanter | AI24: Classify
B25: Match 1 | C25: =T29 -> Ronald | E25: =T24 -> Diego | H25: Match 6 | I25: =T29 -> Ronald | K25: =T26 -> Tim the Burgundy Enchanter | N25: Match 11 | O25: =T26 -> Tim the Burgundy Enchanter | Q25: =T28 -> Teake | T25: =H9 -> Eminence Bruin | U25: =C121 -> 10 | W25: =R81 -> 6 | X25: =L121 -> 7 | Y25: =F61 -> 4 | Z25: =L81 -> 8 | AA25: =SUMIF(U25:Z25, ">0") -> 35 | AB25: =V30 -> 42 | AC25: =AA25 -> 35 | AD25: =AB25-AC25 -> 7 | AE25: =T25 -> Eminence Bruin | AG25: 12 | AH25: Teun | AI25: Classify
B26: Exchange 1 | C26: =IF(AND(D26>0,E26>0), 0, D26) | E26: 2 | F26: =IF(AND(D26>0,E26>0), 0, E26) -> 2 | H26: Exchange 1 | I26: =IF(AND(J26>0,K26>0), 0, J26) | K26: 2 | L26: =IF(AND(J26>0,K26>0), 0, K26) -> 2 | N26: Exchange 1 | O26: =IF(AND(P26>0,Q26>0), 0, P26) -> 2 | P26: 2 | R26: =IF(AND(P26>0,Q26>0), 0, Q26) | T26: =H10 -> Tim the Burgundy Enchanter | U26: =I101 -> 3 | V26: =O81 -> 9 | X26: =F81 -> 12 | Y26: =R41 -> 5 | Z26: =I41 -> 8 | AA26: =SUMIF(U26:Z26, ">0") -> 37 | AB26: =W30 -> 60 | AC26: =AA26 -> 37 | AD26: =AB26-AC26 -> 23 | AE26: =T26 -> Tim the Burgundy Enchanter | AG26: 11 | AH26: Diego | AI26: TBC
B27: Exchange 2 | C27: =IF(AND(D27>0,E27>0), 0, D27) -> 1 | D27: 1 | F27: =IF(AND(D27>0,E27>0), 0, E27) | H27: Exchange 2 | I27: =IF(AND(J27>0,K27>0), 0, J27) -> 2 | J27: 2 | L27: =IF(AND(J27>0,K27>0), 0, K27) | N27: Exchange 2 | O27: =IF(AND(P27>0,Q27>0), 0, P27) -> 2 | P27: 2 | R27: =IF(AND(P27>0,Q27>0), 0, Q27) | T27: =H11 -> Teun | U27: =O61 -> 4 | V27: =I121 -> 7 | W27: =C81 -> 12 | Y27: =L61 -> 3 | Z27: =R101 -> 10 | AA27: =SUMIF(U27:Z27, ">0") -> 36 | AB27: =X30 -> 48 | AC27: =AA27 -> 36 | AD27: =AB27-AC27 -> 12 | AE27: =T27 -> Teun | AG27: 7 | AH27: Eminence Bruin
B28: Exchange 3 | C28: =IF(AND(D28>0,E28>0), 0, D28) -> 0 | D28: 2 | E28: 3 | F28: =IF(AND(D28>0,E28>0), 0, E28) -> 0 | H28: Exchange 3 | I28: =IF(AND(J28>0,K28>0), 0, J28) -> 3 | J28: 3 | L28: =IF(AND(J28>0,K28>0), 0, K28) | N28: Exchange 3 | O28: =IF(AND(P28>0,Q28>0), 0, P28) | Q28: 3 | R28: =IF(AND(P28>0,Q28>0), 0, Q28) -> 3 | T28: =H12 -> Teake | U28: =O121 -> 22 | V28: =C61 -> 11 | W28: =O41 -> 18 | X28: =I61 -> 11 | Z28: =C101 -> 11 | AA28: =SUMIF(U28:Z28, ">0") -> 73 | AB28: =Y30 -> 19 | AC28: =AA28 -> 73 | AD28: =AB28-AC28 -> -54 | AE28: =T28 -> Teake | AG28: 1 | AH28: Ronald
B29: Exchange 4 | C29: =IF(AND(D29>0,E29>0), 0, D29) | E29: 2 | F29: =IF(AND(D29>0,E29>0), 0, E29) -> 2 | H29: Exchange 4 | I29: =IF(AND(J29>0,K29>0), 0, J29) | K29: 3 | L29: =IF(AND(J29>0,K29>0), 0, K29) -> 3 | N29: Exchange 4 | O29: =IF(AND(P29>0,Q29>0), 0, P29) -> 2 | P29: 2 | R29: =IF(AND(P29>0,Q29>0), 0, Q29) | T29: =H13 -> Ronald | U29: =F41 -> 8 | V29: =I81 -> 9 | W29: =L41 -> 17 | X29: =O101 -> 6 | Y29: =F101 -> 5 | AA29: =SUMIF(U29:Z29, ">0") -> 45 | AB29: =Z30 -> 46 | AC29: =AA29 -> 45 | AD29: =AB29-AC29 -> 1 | AE29: =T29 -> Ronald | AG29: -54 | AH29: Teake
B30: Exchange 5 | C30: =IF(AND(D30>0,E30>0), 0, D30) | E30: 2 | F30: =IF(AND(D30>0,E30>0), 0, E30) -> 2 | H30: Exchange 5 | I30: =IF(AND(J30>0,K30>0), 0, J30) | K30: 2 | L30: =IF(AND(J30>0,K30>0), 0, K30) -> 2 | N30: Exchange 5 | O30: =IF(AND(P30>0,Q30>0), 0, P30) | Q30: 2 | R30: =IF(AND(P30>0,Q30>0), 0, Q30) -> 2 | T30: Points Won | U30: =SUM(U24:U29) -> 47 | V30: =SUM(V24:V29) -> 42 | W30: =SUM(W24:W29) -> 60 | X30: =SUM(X24:X29) -> 48 | Y30: =SUM(Y24:Y29) -> 19 | Z30: =SUM(Z24:Z29) -> 46
B31: Exchange 6 | C31: =IF(AND(D31>0,E31>0), 0, D31) -> 0 | D31: 2 | E31: 2 | F31: =IF(AND(D31>0,E31>0), 0, E31) -> 0 | H31: Exchange 6 | I31: =IF(AND(J31>0,K31>0), 0, J31) | K31: 2 | L31: =IF(AND(J31>0,K31>0), 0, K31) -> 2 | N31: Exchange 6 | O31: =IF(AND(P31>0,Q31>0), 0, P31) -> 2 | P31: 2 | R31: =IF(AND(P31>0,Q31>0), 0, Q31) | U31: =U23 -> Diego | V31: =V23 -> Eminence Bruin | W31: =W23 -> Tim the Burgundy Enchanter | X31: =X23 -> Teun | Y31: =Y23 -> Teake | Z31: =Z23 -> Ronald
B32: Exchange 7 | C32: =IF(AND(D32>0,E32>0), 0, D32) -> 3 | D32: 3 | F32: =IF(AND(D32>0,E32>0), 0, E32) | H32: Exchange 7 | I32: =IF(AND(J32>0,K32>0), 0, J32) | K32: 2 | L32: =IF(AND(J32>0,K32>0), 0, K32) -> 2 | N32: Exchange 7 | O32: =IF(AND(P32>0,Q32>0), 0, P32) -> 2 | P32: 2 | R32: =IF(AND(P32>0,Q32>0), 0, Q32) | AD32: 100
B33: Exchange 8 | C33: =IF(AND(D33>0,E33>0), 0, D33) | E33: 2 | F33: =IF(AND(D33>0,E33>0), 0, E33) -> 2 | H33: Exchange 8 | I33: =IF(AND(J33>0,K33>0), 0, J33) | K33: 2 | L33: =IF(AND(J33>0,K33>0), 0, K33) -> 2 | N33: Exchange 8 | O33: =IF(AND(P33>0,Q33>0), 0, P33) -> 2 | P33: 2 | R33: =IF(AND(P33>0,Q33>0), 0, Q33)
B34: Exchange 9 | C34: =IF(AND(D34>0,E34>0), 0, D34) -> 0 | D34: 2 | E34: 2 | F34: =IF(AND(D34>0,E34>0), 0, E34) -> 0 | H34: Exchange 9 | I34: =IF(AND(J34>0,K34>0), 0, J34) | K34: 2 | L34: =IF(AND(J34>0,K34>0), 0, K34) -> 2 | N34: Exchange 9 | O34: =IF(AND(P34>0,Q34>0), 0, P34) -> 3 | P34: 3 | R34: =IF(AND(P34>0,Q34>0), 0, Q34)
B35: Exchange 10 | C35: =IF(AND(D35>0,E35>0), 0, D35) -> 3 | D35: 3 | F35: =IF(AND(D35>0,E35>0), 0, E35) | H35: Exchange 10 | I35: =IF(AND(J35>0,K35>0), 0, J35) | K35: 2 | L35: =IF(AND(J35>0,K35>0), 0, K35) -> 2 | N35: Exchange 10 | O35: =IF(AND(P35>0,Q35>0), 0, P35) -> 3 | P35: 3 | R35: =IF(AND(P35>0,Q35>0), 0, Q35)
B36: Exchange 11 | C36: =IF(AND(D36>0,E36>0), 0, D36) -> 2 | D36: 2 | F36: =IF(AND(D36>0,E36>0), 0, E36) | H36: Exchange 11 | I36: =IF(AND(J36>0,K36>0), 0, J36) -> 3 | J36: 3 | L36: =IF(AND(J36>0,K36>0), 0, K36) | N36: Exchange 11 | O36: =IF(AND(P36>0,Q36>0), 0, P36) | R36: =IF(AND(P36>0,Q36>0), 0, Q36)
B37: Exchange 12 | C37: =IF(AND(D37>0,E37>0), 0, D37) | F37: =IF(AND(D37>0,E37>0), 0, E37) | H37: Exchange 12 | I37: =IF(AND(J37>0,K37>0), 0, J37) | L37: =IF(AND(J37>0,K37>0), 0, K37) | N37: Exchange 12 | O37: =IF(AND(P37>0,Q37>0), 0, P37) | R37: =IF(AND(P37>0,Q37>0), 0, Q37)
B38: Exchange 13 | C38: =IF(AND(D38>0,E38>0), 0, D38) | F38: =IF(AND(D38>0,E38>0), 0, E38) | H38: Exchange 13 | I38: =IF(AND(J38>0,K38>0), 0, J38) | L38: =IF(AND(J38>0,K38>0), 0, K38) | N38: Exchange 13 | O38: =IF(AND(P38>0,Q38>0), 0, P38) | R38: =IF(AND(P38>0,Q38>0), 0, Q38)
B39: Exchange 14 | C39: =IF(AND(D39>0,E39>0), 0, D39) | F39: =IF(AND(D39>0,E39>0), 0, E39) | H39: Exchange 14 | I39: =IF(AND(J39>0,K39>0), 0, J39) | L39: =IF(AND(J39>0,K39>0), 0, K39) | N39: Exchange 14 | O39: =IF(AND(P39>0,Q39>0), 0, P39) | R39: =IF(AND(P39>0,Q39>0), 0, Q39)
B40: Exchange 15 | C40: =IF(AND(D40>0,E40>0), 0, D40) | F40: =IF(AND(D40>0,E40>0), 0, E40) | H40: Exchange 15 | I40: =IF(AND(J40>0,K40>0), 0, J40) | L40: =IF(AND(J40>0,K40>0), 0, K40) | N40: Exchange 15 | O40: =IF(AND(P40>0,Q40>0), 0, P40) | R40: =IF(AND(P40>0,Q40>0), 0, Q40)
B41: Won Points | C41: =SUM(C26:C40) -> 9 | D41: =COUNTIFS(D26:D40, "<>0", D26:D40, "<>", E26:E40, "<>0", E26:E40, "<>") -> 3 | E41: =COUNTIFS(D26:D40, "<>0", D26:D40, "<>", E26:E40, "<>0", E26:E40, "<>") -> 3 | F41: =SUM(F26:F40) -> 8 | H41: Won Points | I41: =SUM(I26:I40) -> 8 | J41: =COUNTIFS(J26:J40, "<>0", J26:J40, "<>", K26:K40, "<>0", K26:K40, "<>") -> 0 | K41: =COUNTIFS(J26:J40, "<>0", J26:J40, "<>", K26:K40, "<>0", K26:K40, "<>") -> 0 | L41: =SUM(L26:L40) -> 17 | N41: Won Points | O41: =SUM(O26:O40) -> 18 | P41: =COUNTIFS(P26:P40, "<>0", P26:P40, "<>", Q26:Q40, "<>0", Q26:Q40, "<>") -> 0 | Q41: =COUNTIFS(P26:P40, "<>0", P26:P40, "<>", Q26:Q40, "<>0", Q26:Q40, "<>") -> 0 | R41: =SUM(R26:R40) -> 5
B42: Won Match | C42: =D42 -> 1 | D42: =IF(C41>F41, 1, (IF(C41=F41, 0, -1))) -> 1 | E42: =IF(F41>C41, 1, (IF(F41=C41, 0, -1))) -> -1 | F42: =E42 -> -1 | H42: Won Match | I42: =J42 -> -1 | J42: =IF(I41>L41, 1, (IF(I41=L41, 0, -1))) -> -1 | K42: =IF(L41>I41, 1, (IF(L41=I41, 0, -1))) -> 1 | L42: =K42 -> 1 | N42: Won Match | O42: =P42 -> 1 | P42: =IF(O41>R41, 1, (IF(O41=R41, 0, -1))) -> 1 | Q42: =IF(R41>O41, 1, (IF(R41=O41, 0, -1))) -> -1 | R42: =Q42 -> -1
B45: Match 2 | C45: =T25 -> Eminence Bruin | E45: =T28 -> Teake | H45: Match 7 | I45: =T27 -> Teun | K45: =T28 -> Teake | N45: Match 12 | O45: =T24 -> Diego | Q45: =T27 -> Teun
B46: Exchange 1 | C46: =IF(AND(D46>0,E46>0), 0, D46) -> 2 | D46: 2 | F46: =IF(AND(D46>0,E46>0), 0, E46) | H46: Exchange 1 | I46: =IF(AND(J46>0,K46>0), 0, J46) -> 2 | J46: 2 | L46: =IF(AND(J46>0,K46>0), 0, K46) | N46: Exchange 1 | O46: =IF(AND(P46>0,Q46>0), 0, P46) -> 2 | P46: 2 | R46: =IF(AND(P46>0,Q46>0), 0, Q46)
B47: Exchange 2 | C47: =IF(AND(D47>0,E47>0), 0, D47) -> 0 | D47: 0 | E47: 0 | F47: =IF(AND(D47>0,E47>0), 0, E47) -> 0 | H47: Exchange 2 | I47: =IF(AND(J47>0,K47>0), 0, J47) -> 2 | J47: 2 | L47: =IF(AND(J47>0,K47>0), 0, K47) | N47: Exchange 2 | O47: =IF(AND(P47>0,Q47>0), 0, P47) -> 2 | P47: 2 | R47: =IF(AND(P47>0,Q47>0), 0, Q47)
B48: Exchange 3 | C48: =IF(AND(D48>0,E48>0), 0, D48) -> 2 | D48: 2 | F48: =IF(AND(D48>0,E48>0), 0, E48) | H48: Exchange 3 | I48: =IF(AND(J48>0,K48>0), 0, J48) -> 2 | J48: 2 | L48: =IF(AND(J48>0,K48>0), 0, K48) | N48: Exchange 3 | O48: =IF(AND(P48>0,Q48>0), 0, P48) | Q48: 2 | R48: =IF(AND(P48>0,Q48>0), 0, Q48) -> 2
B49: Exchange 4 | C49: =IF(AND(D49>0,E49>0), 0, D49) -> 3 | D49: 3 | F49: =IF(AND(D49>0,E49>0), 0, E49) | H49: Exchange 4 | I49: =IF(AND(J49>0,K49>0), 0, J49) -> 2 | J49: 2 | L49: =IF(AND(J49>0,K49>0), 0, K49) | N49: Exchange 4 | O49: =IF(AND(P49>0,Q49>0), 0, P49) | Q49: 2 | R49: =IF(AND(P49>0,Q49>0), 0, Q49) -> 2
B50: Exchange 5 | C50: =IF(AND(D50>0,E50>0), 0, D50) | E50: 2 | F50: =IF(AND(D50>0,E50>0), 0, E50) -> 2 | H50: Exchange 5 | I50: =IF(AND(J50>0,K50>0), 0, J50) | K50: 3 | L50: =IF(AND(J50>0,K50>0), 0, K50) -> 3 | N50: Exchange 5 | O50: =IF(AND(P50>0,Q50>0), 0, P50) | Q50: 2 | R50: =IF(AND(P50>0,Q50>0), 0, Q50) -> 2
B51: Exchange 6 | C51: =IF(AND(D51>0,E51>0), 0, D51) | E51: 2 | F51: =IF(AND(D51>0,E51>0), 0, E51) -> 2 | H51: Exchange 6 | I51: =IF(AND(J51>0,K51>0), 0, J51) -> 0 | J51: 2 | K51: 2 | L51: =IF(AND(J51>0,K51>0), 0, K51) -> 0 | N51: Exchange 6 | O51: =IF(AND(P51>0,Q51>0), 0, P51) | Q51: 2 | R51: =IF(AND(P51>0,Q51>0), 0, Q51) -> 2
B52: Exchange 7 | C52: =IF(AND(D52>0,E52>0), 0, D52) -> 0 | D52: 2 | E52: 2 | F52: =IF(AND(D52>0,E52>0), 0, E52) -> 0 | H52: Exchange 7 | I52: =IF(AND(J52>0,K52>0), 0, J52) -> 3 | J52: 3 | L52: =IF(AND(J52>0,K52>0), 0, K52) | N52: Exchange 7 | O52: =IF(AND(P52>0,Q52>0), 0, P52) | Q52: 2 | R52: =IF(AND(P52>0,Q52>0), 0, Q52) -> 2
B53: Exchange 8 | C53: =IF(AND(D53>0,E53>0), 0, D53) -> 2 | D53: 2 | F53: =IF(AND(D53>0,E53>0), 0, E53) | H53: Exchange 8 | I53: =IF(AND(J53>0,K53>0), 0, J53) | L53: =IF(AND(J53>0,K53>0), 0, K53) | N53: Exchange 8 | O53: =IF(AND(P53>0,Q53>0), 0, P53) -> 0 | P53: 2 | Q53: 2 | R53: =IF(AND(P53>0,Q53>0), 0, Q53) -> 0
B54: Exchange 9 | C54: =IF(AND(D54>0,E54>0), 0, D54) -> 2 | D54: 2 | F54: =IF(AND(D54>0,E54>0), 0, E54) | H54: Exchange 9 | I54: =IF(AND(J54>0,K54>0), 0, J54) | L54: =IF(AND(J54>0,K54>0), 0, K54) | N54: Exchange 9 | O54: =IF(AND(P54>0,Q54>0), 0, P54) | Q54: 2 | R54: =IF(AND(P54>0,Q54>0), 0, Q54) -> 2
B55: Exchange 10 | C55: =IF(AND(D55>0,E55>0), 0, D55) | F55: =IF(AND(D55>0,E55>0), 0, E55) | H55: Exchange 10 | I55: =IF(AND(J55>0,K55>0), 0, J55) | L55: =IF(AND(J55>0,K55>0), 0, K55) | N55: Exchange 10 | O55: =IF(AND(P55>0,Q55>0), 0, P55) | R55: =IF(AND(P55>0,Q55>0), 0, Q55)
B56: Exchange 11 | C56: =IF(AND(D56>0,E56>0), 0, D56) | F56: =IF(AND(D56>0,E56>0), 0, E56) | H56: Exchange 11 | I56: =IF(AND(J56>0,K56>0), 0, J56) | L56: =IF(AND(J56>0,K56>0), 0, K56) | N56: Exchange 11 | O56: =IF(AND(P56>0,Q56>0), 0, P56) | R56: =IF(AND(P56>0,Q56>0), 0, Q56)
B57: Exchange 12 | C57: =IF(AND(D57>0,E57>0), 0, D57) | F57: =IF(AND(D57>0,E57>0), 0, E57) | H57: Exchange 12 | I57: =IF(AND(J57>0,K57>0), 0, J57) | L57: =IF(AND(J57>0,K57>0), 0, K57) | N57: Exchange 12 | O57: =IF(AND(P57>0,Q57>0), 0, P57) | R57: =IF(AND(P57>0,Q57>0), 0, Q57)
B58: Exchange 13 | C58: =IF(AND(D58>0,E58>0), 0, D58) | F58: =IF(AND(D58>0,E58>0), 0, E58) | H58: Exchange 13 | I58: =IF(AND(J58>0,K58>0), 0, J58) | L58: =IF(AND(J58>0,K58>0), 0, K58) | N58: Exchange 13 | O58: =IF(AND(P58>0,Q58>0), 0, P58) | R58: =IF(AND(P58>0,Q58>0), 0, Q58)
B59: Exchange 14 | C59: =IF(AND(D59>0,E59>0), 0, D59) | F59: =IF(AND(D59>0,E59>0), 0, E59) | H59: Exchange 14 | I59: =IF(AND(J59>0,K59>0), 0, J59) | L59: =IF(AND(J59>0,K59>0), 0, K59) | N59: Exchange 14 | O59: =IF(AND(P59>0,Q59>0), 0, P59) | R59: =IF(AND(P59>0,Q59>0), 0, Q59)
B60: Exchange 15 | C60: =IF(AND(D60>0,E60>0), 0, D60) | F60: =IF(AND(D60>0,E60>0), 0, E60) | H60: Exchange 15 | I60: =IF(AND(J60>0,K60>0), 0, J60) | L60: =IF(AND(J60>0,K60>0), 0, K60) | N60: Exchange 15 | O60: =IF(AND(P60>0,Q60>0), 0, P60) | R60: =IF(AND(P60>0,Q60>0), 0, Q60)
B61: Won Points | C61: =SUM(C46:C60) -> 11 | D61: =COUNTIFS(D46:D60, "<>0", D46:D60, "<>", E46:E60, "<>0", E46:E60, "<>") -> 1 | E61: =COUNTIFS(D46:D60, "<>0", D46:D60, "<>", E46:E60, "<>0", E46:E60, "<>") -> 1 | F61: =SUM(F46:F60) -> 4 | H61: Won Points | I61: =SUM(I46:I60) -> 11 | J61: =COUNTIFS(J46:J60, "<>0", J46:J60, "<>", K46:K60, "<>0", K46:K60, "<>") -> 1 | K61: =COUNTIFS(J46:J60, "<>0", J46:J60, "<>", K46:K60, "<>0", K46:K60, "<>") -> 1 | L61: =SUM(L46:L60) -> 3 | N61: Won Points | O61: =SUM(O46:O60) -> 4 | P61: =COUNTIFS(P46:P60, "<>0", P46:P60, "<>", Q46:Q60, "<>0", Q46:Q60, "<>") -> 1 | Q61: =COUNTIFS(P46:P60, "<>0", P46:P60, "<>", Q46:Q60, "<>0", Q46:Q60, "<>") -> 1 | R61: =SUM(R46:R60) -> 12
B62: Won Match | C62: =D62 -> 1 | D62: =IF(C61>F61, 1, (IF(C61=F61, 0, -1))) -> 1 | E62: =IF(F61>C61, 1, (IF(F61=C61, 0, -1))) -> -1 | F62: =E62 -> -1 | H62: Won Match | I62: =J62 -> 1 | J62: =IF(I61>L61, 1, (IF(I61=L61, 0, -1))) -> 1 | K62: =IF(L61>I61, 1, (IF(L61=I61, 0, -1))) -> -1 | L62: =K62 -> -1 | N62: Won Match | O62: =P62 -> -1 | P62: =IF(O61>R61, 1, (IF(O61=R61, 0, -1))) -> -1 | Q62: =IF(R61>O61, 1, (IF(R61=O61, 0, -1))) -> 1 | R62: =Q62 -> 1
B65: Match 3 | C65: =T26 -> Tim the Burgundy Enchanter | E65: =T27 -> Teun | H65: Match 8 | I65: =T25 -> Eminence Bruin | K65: =T29 -> Ronald | N65: Match 13 | O65: =T25 -> Eminence Bruin | Q65: =T26 -> Tim the Burgundy Enchanter
B66: Exchange 1 | C66: =IF(AND(D66>0,E66>0), 0, D66) -> 0 | D66: 3 | E66: 3 | F66: =IF(AND(D66>0,E66>0), 0, E66) -> 0 | H66: Exchange 1 | I66: =IF(AND(J66>0,K66>0), 0, J66) -> 2 | J66: 2 | L66: =IF(AND(J66>0,K66>0), 0, K66) | N66: Exchange 1 | O66: =IF(AND(P66>0,Q66>0), 0, P66) | Q66: 2 | R66: =IF(AND(P66>0,Q66>0), 0, Q66) -> 2
B67: Exchange 2 | C67: =IF(AND(D67>0,E67>0), 0, D67) | E67: 2 | F67: =IF(AND(D67>0,E67>0), 0, E67) -> 2 | H67: Exchange 2 | I67: =IF(AND(J67>0,K67>0), 0, J67) -> 0 | J67: 2 | K67: 2 | L67: =IF(AND(J67>0,K67>0), 0, K67) -> 0 | N67: Exchange 2 | O67: =IF(AND(P67>0,Q67>0), 0, P67) -> 0 | P67: 2 | Q67: 2 | R67: =IF(AND(P67>0,Q67>0), 0, Q67) -> 0
B68: Exchange 3 | C68: =IF(AND(D68>0,E68>0), 0, D68) -> 2 | D68: 2 | F68: =IF(AND(D68>0,E68>0), 0, E68) | H68: Exchange 3 | I68: =IF(AND(J68>0,K68>0), 0, J68) -> 3 | J68: 3 | L68: =IF(AND(J68>0,K68>0), 0, K68) | N68: Exchange 3 | O68: =IF(AND(P68>0,Q68>0), 0, P68) | Q68: 2 | R68: =IF(AND(P68>0,Q68>0), 0, Q68) -> 2
B69: Exchange 4 | C69: =IF(AND(D69>0,E69>0), 0, D69) | E69: 3 | F69: =IF(AND(D69>0,E69>0), 0, E69) -> 3 | H69: Exchange 4 | I69: =IF(AND(J69>0,K69>0), 0, J69) -> 0 | J69: 3 | K69: 3 | L69: =IF(AND(J69>0,K69>0), 0, K69) -> 0 | N69: Exchange 4 | O69: =IF(AND(P69>0,Q69>0), 0, P69) -> 0 | P69: 3 | Q69: 3 | R69: =IF(AND(P69>0,Q69>0), 0, Q69) -> 0
B70: Exchange 5 | C70: =IF(AND(D70>0,E70>0), 0, D70) -> 2 | D70: 2 | F70: =IF(AND(D70>0,E70>0), 0, E70) | H70: Exchange 5 | I70: =IF(AND(J70>0,K70>0), 0, J70) | K70: 2 | L70: =IF(AND(J70>0,K70>0), 0, K70) -> 2 | N70: Exchange 5 | O70: =IF(AND(P70>0,Q70>0), 0, P70) | Q70: 2 | R70: =IF(AND(P70>0,Q70>0), 0, Q70) -> 2
B71: Exchange 6 | C71: =IF(AND(D71>0,E71>0), 0, D71) | E71: 3 | F71: =IF(AND(D71>0,E71>0), 0, E71) -> 3 | H71: Exchange 6 | I71: =IF(AND(J71>0,K71>0), 0, J71) | K71: 2 | L71: =IF(AND(J71>0,K71>0), 0, K71) -> 2 | N71: Exchange 6 | O71: =IF(AND(P71>0,Q71>0), 0, P71) -> 0 | P71: 3 | Q71: 2 | R71: =IF(AND(P71>0,Q71>0), 0, Q71) -> 0
B72: Exchange 7 | C72: =IF(AND(D72>0,E72>0), 0, D72) -> 2 | D72: 2 | F72: =IF(AND(D72>0,E72>0), 0, E72) | H72: Exchange 7 | I72: =IF(AND(J72>0,K72>0), 0, J72) | K72: 2 | L72: =IF(AND(J72>0,K72>0), 0, K72) -> 2 | N72: Exchange 7 | O72: =IF(AND(P72>0,Q72>0), 0, P72) -> 2 | P72: 2 | R72: =IF(AND(P72>0,Q72>0), 0, Q72)
B73: Exchange 8 | C73: =IF(AND(D73>0,E73>0), 0, D73) -> 3 | D73: 3 | F73: =IF(AND(D73>0,E73>0), 0, E73) | H73: Exchange 8 | I73: =IF(AND(J73>0,K73>0), 0, J73) -> 2 | J73: 2 | L73: =IF(AND(J73>0,K73>0), 0, K73) | N73: Exchange 8 | O73: =IF(AND(P73>0,Q73>0), 0, P73) -> 3 | P73: 3 | R73: =IF(AND(P73>0,Q73>0), 0, Q73)
B74: Exchange 9 | C74: =IF(AND(D74>0,E74>0), 0, D74) | E74: 2 | F74: =IF(AND(D74>0,E74>0), 0, E74) -> 2 | H74: Exchange 9 | I74: =IF(AND(J74>0,K74>0), 0, J74) -> 2 | J74: 2 | L74: =IF(AND(J74>0,K74>0), 0, K74) | N74: Exchange 9 | O74: =IF(AND(P74>0,Q74>0), 0, P74) -> 2 | P74: 2 | R74: =IF(AND(P74>0,Q74>0), 0, Q74)
B75: Exchange 10 | C75: =IF(AND(D75>0,E75>0), 0, D75) | E75: 2 | F75: =IF(AND(D75>0,E75>0), 0, E75) -> 2 | H75: Exchange 10 | I75: =IF(AND(J75>0,K75>0), 0, J75) -> 0 | J75: 2 | K75: 3 | L75: =IF(AND(J75>0,K75>0), 0, K75) -> 0 | N75: Exchange 10 | O75: =IF(AND(P75>0,Q75>0), 0, P75) -> 2 | P75: 2 | R75: =IF(AND(P75>0,Q75>0), 0, Q75)
B76: Exchange 11 | C76: =IF(AND(D76>0,E76>0), 0, D76) -> 3 | D76: 3 | F76: =IF(AND(D76>0,E76>0), 0, E76) | H76: Exchange 11 | I76: =IF(AND(J76>0,K76>0), 0, J76) | K76: 2 | L76: =IF(AND(J76>0,K76>0), 0, K76) -> 2 | N76: Exchange 11 | O76: =IF(AND(P76>0,Q76>0), 0, P76) | R76: =IF(AND(P76>0,Q76>0), 0, Q76)
B77: Exchange 12 | C77: =IF(AND(D77>0,E77>0), 0, D77) | F77: =IF(AND(D77>0,E77>0), 0, E77) | H77: Exchange 12 | I77: =IF(AND(J77>0,K77>0), 0, J77) | L77: =IF(AND(J77>0,K77>0), 0, K77) | N77: Exchange 12 | O77: =IF(AND(P77>0,Q77>0), 0, P77) | R77: =IF(AND(P77>0,Q77>0), 0, Q77)
B78: Exchange 13 | C78: =IF(AND(D78>0,E78>0), 0, D78) | F78: =IF(AND(D78>0,E78>0), 0, E78) | H78: Exchange 13 | I78: =IF(AND(J78>0,K78>0), 0, J78) | L78: =IF(AND(J78>0,K78>0), 0, K78) | N78: Exchange 13 | O78: =IF(AND(P78>0,Q78>0), 0, P78) | R78: =IF(AND(P78>0,Q78>0), 0, Q78)
B79: Exchange 14 | C79: =IF(AND(D79>0,E79>0), 0, D79) | F79: =IF(AND(D79>0,E79>0), 0, E79) | H79: Exchange 14 | I79: =IF(AND(J79>0,K79>0), 0, J79) | L79: =IF(AND(J79>0,K79>0), 0, K79) | N79: Exchange 14 | O79: =IF(AND(P79>0,Q79>0), 0, P79) | R79: =IF(AND(P79>0,Q79>0), 0, Q79)
B80: Exchange 15 | C80: =IF(AND(D80>0,E80>0), 0, D80) | F80: =IF(AND(D80>0,E80>0), 0, E80) | H80: Exchange 15 | I80: =IF(AND(J80>0,K80>0), 0, J80) | L80: =IF(AND(J80>0,K80>0), 0, K80) | N80: Exchange 15 | O80: =IF(AND(P80>0,Q80>0), 0, P80) | R80: =IF(AND(P80>0,Q80>0), 0, Q80)
B81: Won Points | C81: =SUM(C66:C80) -> 12 | D81: =COUNTIFS(D66:D80, "<>0", D66:D80, "<>", E66:E80, "<>0", E66:E80, "<>") -> 1 | E81: =COUNTIFS(D66:D80, "<>0", D66:D80, "<>", E66:E80, "<>0", E66:E80, "<>") -> 1 | F81: =SUM(F66:F80) -> 12 | H81: Won Points | I81: =SUM(I66:I80) -> 9 | J81: =COUNTIFS(J66:J80, "<>0", J66:J80, "<>", K66:K80, "<>0", K66:K80, "<>") -> 3 | K81: =COUNTIFS(J66:J80, "<>0", J66:J80, "<>", K66:K80, "<>0", K66:K80, "<>") -> 3 | L81: =SUM(L66:L80) -> 8 | N81: Won Points | O81: =SUM(O66:O80) -> 9 | P81: =COUNTIFS(P66:P80, "<>0", P66:P80, "<>", Q66:Q80, "<>0", Q66:Q80, "<>") -> 3 | Q81: =COUNTIFS(P66:P80, "<>0", P66:P80, "<>", Q66:Q80, "<>0", Q66:Q80, "<>") -> 3 | R81: =SUM(R66:R80) -> 6
B82: Won Match | C82: =D82 -> 0 | D82: =IF(C81>F81, 1, (IF(C81=F81, 0, -1))) -> 0 | E82: =IF(F81>C81, 1, (IF(F81=C81, 0, -1))) -> 0 | F82: =E82 -> 0 | H82: Won Match | I82: =J82 -> 1 | J82: =IF(I81>L81, 1, (IF(I81=L81, 0, -1))) -> 1 | K82: =IF(L81>I81, 1, (IF(L81=I81, 0, -1))) -> -1 | L82: =K82 -> -1 | N82: Won Match | O82: =P82 -> 1 | P82: =IF(O81>R81, 1, (IF(O81=R81, 0, -1))) -> 1 | Q82: =IF(R81>O81, 1, (IF(R81=O81, 0, -1))) -> -1 | R82: =Q82 -> -1
B85: Match 4 | C85: =T29 -> Ronald | E85: =T28 -> Teake | H85: Match 9 | I85: =T24 -> Diego | K85: =T26 -> Tim the Burgundy Enchanter | N85: Match 14 | O85: =T27 -> Teun | Q85: =T29 -> Ronald
B86: Exchange 1 | C86: =IF(AND(D86>0,E86>0), 0, D86) -> 2 | D86: 2 | F86: =IF(AND(D86>0,E86>0), 0, E86) | H86: Exchange 1 | I86: =IF(AND(J86>0,K86>0), 0, J86) -> 0 | J86: 2 | K86: 2 | L86: =IF(AND(J86>0,K86>0), 0, K86) -> 0 | N86: Exchange 1 | O86: =IF(AND(P86>0,Q86>0), 0, P86) | Q86: 3 | R86: =IF(AND(P86>0,Q86>0), 0, Q86) -> 3
B87: Exchange 2 | C87: =IF(AND(D87>0,E87>0), 0, D87) -> 0 | D87: 2 | E87: 2 | F87: =IF(AND(D87>0,E87>0), 0, E87) -> 0 | H87: Exchange 2 | I87: =IF(AND(J87>0,K87>0), 0, J87) | K87: 2 | L87: =IF(AND(J87>0,K87>0), 0, K87) -> 2 | N87: Exchange 2 | O87: =IF(AND(P87>0,Q87>0), 0, P87) | Q87: 3 | R87: =IF(AND(P87>0,Q87>0), 0, Q87) -> 3
B88: Exchange 3 | C88: =IF(AND(D88>0,E88>0), 0, D88) -> 2 | D88: 2 | F88: =IF(AND(D88>0,E88>0), 0, E88) | H88: Exchange 3 | I88: =IF(AND(J88>0,K88>0), 0, J88) | K88: 2 | L88: =IF(AND(J88>0,K88>0), 0, K88) -> 2 | N88: Exchange 3 | O88: =IF(AND(P88>0,Q88>0), 0, P88) -> 2 | P88: 2 | R88: =IF(AND(P88>0,Q88>0), 0, Q88)
B89: Exchange 4 | C89: =IF(AND(D89>0,E89>0), 0, D89) -> 3 | D89: 3 | F89: =IF(AND(D89>0,E89>0), 0, E89) | H89: Exchange 4 | I89: =IF(AND(J89>0,K89>0), 0, J89) -> 3 | J89: 3 | L89: =IF(AND(J89>0,K89>0), 0, K89) | N89: Exchange 4 | O89: =IF(AND(P89>0,Q89>0), 0, P89) -> 2 | P89: 2 | R89: =IF(AND(P89>0,Q89>0), 0, Q89)
B90: Exchange 5 | C90: =IF(AND(D90>0,E90>0), 0, D90) -> 0 | D90: 2 | E90: 3 | F90: =IF(AND(D90>0,E90>0), 0, E90) -> 0 | H90: Exchange 5 | I90: =IF(AND(J90>0,K90>0), 0, J90) -> 0 | J90: 2 | K90: 2 | L90: =IF(AND(J90>0,K90>0), 0, K90) -> 0 | N90: Exchange 5 | O90: =IF(AND(P90>0,Q90>0), 0, P90) -> 2 | P90: 2 | R90: =IF(AND(P90>0,Q90>0), 0, Q90)
B91: Exchange 6 | C91: =IF(AND(D91>0,E91>0), 0, D91) -> 0 | D91: 2 | E91: 2 | F91: =IF(AND(D91>0,E91>0), 0, E91) -> 0 | H91: Exchange 6 | I91: =IF(AND(J91>0,K91>0), 0, J91) | K91: 3 | L91: =IF(AND(J91>0,K91>0), 0, K91) -> 3 | N91: Exchange 6 | O91: =IF(AND(P91>0,Q91>0), 0, P91) | Q91: 2 | R91: =IF(AND(P91>0,Q91>0), 0, Q91) -> 2
B92: Exchange 7 | C92: =IF(AND(D92>0,E92>0), 0, D92) -> 2 | D92: 2 | F92: =IF(AND(D92>0,E92>0), 0, E92) | H92: Exchange 7 | I92: =IF(AND(J92>0,K92>0), 0, J92) -> 0 | J92: 3 | K92: 2 | L92: =IF(AND(J92>0,K92>0), 0, K92) -> 0 | N92: Exchange 7 | O92: =IF(AND(P92>0,Q92>0), 0, P92) | Q92: 2 | R92: =IF(AND(P92>0,Q92>0), 0, Q92) -> 2
B93: Exchange 8 | C93: =IF(AND(D93>0,E93>0), 0, D93) -> 2 | D93: 2 | F93: =IF(AND(D93>0,E93>0), 0, E93) | H93: Exchange 8 | I93: =IF(AND(J93>0,K93>0), 0, J93) | L93: =IF(AND(J93>0,K93>0), 0, K93) | N93: Exchange 8 | O93: =IF(AND(P93>0,Q93>0), 0, P93) -> 0 | P93: 3 | Q93: 2 | R93: =IF(AND(P93>0,Q93>0), 0, Q93) -> 0
B94: Exchange 9 | C94: =IF(AND(D94>0,E94>0), 0, D94) | E94: 3 | F94: =IF(AND(D94>0,E94>0), 0, E94) -> 3 | H94: Exchange 9 | I94: =IF(AND(J94>0,K94>0), 0, J94) | L94: =IF(AND(J94>0,K94>0), 0, K94) | N94: Exchange 9 | O94: =IF(AND(P94>0,Q94>0), 0, P94) | R94: =IF(AND(P94>0,Q94>0), 0, Q94)
B95: Exchange 10 | C95: =IF(AND(D95>0,E95>0), 0, D95) | E95: 2 | F95: =IF(AND(D95>0,E95>0), 0, E95) -> 2 | H95: Exchange 10 | I95: =IF(AND(J95>0,K95>0), 0, J95) | L95: =IF(AND(J95>0,K95>0), 0, K95) | N95: Exchange 10 | O95: =IF(AND(P95>0,Q95>0), 0, P95) | R95: =IF(AND(P95>0,Q95>0), 0, Q95)
B96: Exchange 11 | C96: =IF(AND(D96>0,E96>0), 0, D96) | F96: =IF(AND(D96>0,E96>0), 0, E96) | H96: Exchange 11 | I96: =IF(AND(J96>0,K96>0), 0, J96) | L96: =IF(AND(J96>0,K96>0), 0, K96) | N96: Exchange 11 | O96: =IF(AND(P96>0,Q96>0), 0, P96) | R96: =IF(AND(P96>0,Q96>0), 0, Q96)
B97: Exchange 12 | C97: =IF(AND(D97>0,E97>0), 0, D97) | F97: =IF(AND(D97>0,E97>0), 0, E97) | H97: Exchange 12 | I97: =IF(AND(J97>0,K97>0), 0, J97) | L97: =IF(AND(J97>0,K97>0), 0, K97) | N97: Exchange 12 | O97: =IF(AND(P97>0,Q97>0), 0, P97) | R97: =IF(AND(P97>0,Q97>0), 0, Q97)
B98: Exchange 13 | C98: =IF(AND(D98>0,E98>0), 0, D98) | F98: =IF(AND(D98>0,E98>0), 0, E98) | H98: Exchange 13 | I98: =IF(AND(J98>0,K98>0), 0, J98) | L98: =IF(AND(J98>0,K98>0), 0, K98) | N98: Exchange 13 | O98: =IF(AND(P98>0,Q98>0), 0, P98) | R98: =IF(AND(P98>0,Q98>0), 0, Q98)
B99: Exchange 14 | C99: =IF(AND(D99>0,E99>0), 0, D99) | F99: =IF(AND(D99>0,E99>0), 0, E99) | H99: Exchange 14 | I99: =IF(AND(J99>0,K99>0), 0, J99) | L99: =IF(AND(J99>0,K99>0), 0, K99) | N99: Exchange 14 | O99: =IF(AND(P99>0,Q99>0), 0, P99) | R99: =IF(AND(P99>0,Q99>0), 0, Q99)
B100: Exchange 15 | C100: =IF(AND(D100>0,E100>0), 0, D100) | F100: =IF(AND(D100>0,E100>0), 0, E100) | H100: Exchange 15 | I100: =IF(AND(J100>0,K100>0), 0, J100) | L100: =IF(AND(J100>0,K100>0), 0, K100) | N100: Exchange 15 | O100: =IF(AND(P100>0,Q100>0), 0, P100) | R100: =IF(AND(P100>0,Q100>0), 0, Q100)
B101: Won Points | C101: =SUM(C86:C100) -> 11 | D101: =COUNTIFS(D86:D100, "<>0", D86:D100, "<>", E86:E100, "<>0", E86:E100, "<>") -> 3 | E101: =COUNTIFS(D86:D100, "<>0", D86:D100, "<>", E86:E100, "<>0", E86:E100, "<>") -> 3 | F101: =SUM(F86:F100) -> 5 | H101: Won Points | I101: =SUM(I86:I100) -> 3 | J101: =COUNTIFS(J86:J100, "<>0", J86:J100, "<>", K86:K100, "<>0", K86:K100, "<>") -> 3 | K101: =COUNTIFS(J86:J100, "<>0", J86:J100, "<>", K86:K100, "<>0", K86:K100, "<>") -> 3 | L101: =SUM(L86:L100) -> 7 | N101: Won Points | O101: =SUM(O86:O100) -> 6 | P101: =COUNTIFS(P86:P100, "<>0", P86:P100, "<>", Q86:Q100, "<>0", Q86:Q100, "<>") -> 1 | Q101: =COUNTIFS(P86:P100, "<>0", P86:P100, "<>", Q86:Q100, "<>0", Q86:Q100, "<>") -> 1 | R101: =SUM(R86:R100) -> 10
B102: Won Match | C102: =D102 -> 1 | D102: =IF(C101>F101, 1, (IF(C101=F101, 0, -1))) -> 1 | E102: =IF(F101>C101, 1, (IF(F101=C101, 0, -1))) -> -1 | F102: =E102 -> -1 | H102: Won Match | I102: =J102 -> -1 | J102: =IF(I101>L101, 1, (IF(I101=L101, 0, -1))) -> -1 | K102: =IF(L101>I101, 1, (IF(L101=I101, 0, -1))) -> 1 | L102: =K102 -> 1 | N102: Won Match | O102: =P102 -> -1 | P102: =IF(O101>R101, 1, (IF(O101=R101, 0, -1))) -> -1 | Q102: =IF(R101>O101, 1, (IF(R101=O101, 0, -1))) -> 1 | R102: =Q102 -> 1
B105: Match 5 | C105: =T24 -> Diego | E105: =T25 -> Eminence Bruin | H105: Match 10 | I105: =T25 -> Eminence Bruin | K105: =T27 -> Teun | N105: Match 15 | O105: =T24 -> Diego | Q105: =T28 -> Teake
B106: Exchange 1 | C106: =IF(AND(D106>0,E106>0), 0, D106) -> 0 | D106: 2 | E106: 3 | F106: =IF(AND(D106>0,E106>0), 0, E106) -> 0 | H106: Exchange 1 | I106: =IF(AND(J106>0,K106>0), 0, J106) | K106: 3 | L106: =IF(AND(J106>0,K106>0), 0, K106) -> 3 | N106: Exchange 1 | O106: =IF(AND(P106>0,Q106>0), 0, P106) -> 3 | P106: 3 | R106: =IF(AND(P106>0,Q106>0), 0, Q106)
B107: Exchange 2 | C107: =IF(AND(D107>0,E107>0), 0, D107) -> 0 | D107: 2 | E107: 2 | F107: =IF(AND(D107>0,E107>0), 0, E107) -> 0 | H107: Exchange 2 | I107: =IF(AND(J107>0,K107>0), 0, J107) | K107: 2 | L107: =IF(AND(J107>0,K107>0), 0, K107) -> 2 | N107: Exchange 2 | O107: =IF(AND(P107>0,Q107>0), 0, P107) -> 2 | P107: 2 | R107: =IF(AND(P107>0,Q107>0), 0, Q107)
B108: Exchange 3 | C108: =IF(AND(D108>0,E108>0), 0, D108) -> 2 | D108: 2 | F108: =IF(AND(D108>0,E108>0), 0, E108) | H108: Exchange 3 | I108: =IF(AND(J108>0,K108>0), 0, J108) -> 2 | J108: 2 | L108: =IF(AND(J108>0,K108>0), 0, K108) | N108: Exchange 3 | O108: =IF(AND(P108>0,Q108>0), 0, P108) -> 3 | P108: 3 | R108: =IF(AND(P108>0,Q108>0), 0, Q108)
B109: Exchange 4 | C109: =IF(AND(D109>0,E109>0), 0, D109) -> 2 | D109: 2 | F109: =IF(AND(D109>0,E109>0), 0, E109) | H109: Exchange 4 | I109: =IF(AND(J109>0,K109>0), 0, J109) -> 0 | J109: 3 | K109: 2 | L109: =IF(AND(J109>0,K109>0), 0, K109) -> 0 | N109: Exchange 4 | O109: =IF(AND(P109>0,Q109>0), 0, P109) -> 2 | P109: 2 | R109: =IF(AND(P109>0,Q109>0), 0, Q109)
B110: Exchange 5 | C110: =IF(AND(D110>0,E110>0), 0, D110) | E110: 2 | F110: =IF(AND(D110>0,E110>0), 0, E110) -> 2 | H110: Exchange 5 | I110: =IF(AND(J110>0,K110>0), 0, J110) | K110: 2 | L110: =IF(AND(J110>0,K110>0), 0, K110) -> 2 | N110: Exchange 5 | O110: =IF(AND(P110>0,Q110>0), 0, P110) -> 2 | P110: 2 | R110: =IF(AND(P110>0,Q110>0), 0, Q110)
...

Sheet Pool_2
L3: Match 1 | M3: =C25 -> Maarten | N3: =E25 -> Arjan | O3: =if(AND(C41 = 0, F41 = 0), "Pending", "") | T3: MATCHES | U3: =T4 -> Arjan | V3: =T5 -> Willem | W3: =T6 -> Eva | X3: =T7 -> Rory | Y3: =T8 -> Jesse | Z3: =T9 -> Maarten | AA3: Matches Lost | AB3: Won | AC3: Lost | AD3: Total | AG3: ORDER | AI3: BY MATCHES
L4: Match 2 | M4: =C45 -> Willem | N4: =E45 -> Jesse | O4: =if(AND(C61 = 0, F61 = 0), "Pending", "") | T4: =H8 -> Arjan | V4: =F122 -> -1 | W4: =L102 -> -1 | X4: =R62 -> 1 | Y4: =R122 -> 1 | Z4: =C42 -> -1 | AA4: =SUMIF(U4:Z4, ">0") -> 2 | AB4: =U10 -> 3 | AC4: =AA4 -> 2 | AD4: =AB4-AC4+(0.01*AD14)+(0.001*AD24) -> 0.868 | AE4: =T4 -> Arjan | AG4: {=sort(AD4:AE9, 1, FALSE)} -> 4.927 | AH4: Jesse | AI4: Classify
L5: Match 3 | M5: =C65 -> Eva | N5: =E65 -> Rory | O5: =if(AND(C81 = 0, F81 = 0), "Pending", "") | T5: =H9 -> Willem | U5: =C122 -> 1 | W5: =R82 -> -1 | X5: =L122 -> 0 | Y5: =F62 -> 1 | Z5: =L82 -> 1 | AA5: =SUMIF(U5:Z5, ">0") -> 3 | AB5: =V10 -> 1 | AC5: =AA5 -> 3 | AD5: =AB5-AC5+(0.01*AD15)+(0.001*AD25) -> -2.108 | AE5: =T5 -> Willem | AG5: 1.893 | AH5: Rory | AI5: Classify
H6: INPUT | L6: Match 4 | M6: =C85 -> Maarten | N6: =E85 -> Jesse | O6: =if(AND(C101 = 0, F101 = 0), "Pending", "") | T6: =H10 -> Eva | U6: =I102 -> 1 | V6: =O82 -> 1 | X6: =F82 -> 1 | Y6: =R42 -> 1 | Z6: =I42 -> 1 | AA6: =SUMIF(U6:Z6, ">0") -> 5 | AB6: =W10 -> 0 | AC6: =AA6 -> 5 | AD6: =AB6-AC6+(0.01*AD16)+(0.001*AD26) -> -5.153 | AE6: =T6 -> Eva | AG6: 0.868 | AH6: Arjan | AI6: TBC
L7: Match 5 | M7: =C105 -> Arjan | N7: =E105 -> Willem | O7: =if(AND(C121 = 0, F121 = 0), "Pending", "") | T7: =H11 -> Rory | U7: =O62 -> -1 | V7: =I122 -> 0 | W7: =C82 -> -1 | Y7: =L62 -> 1 | Z7: =R102 -> -1 | AA7: =SUMIF(U7:Z7, ">0") -> 1 | AB7: =X10 -> 3 | AC7: =AA7 -> 1 | AD7: =AB7-AC7+(0.01*AD17)+(0.001*AD27) -> 1.893 | AE7: =T7 -> Rory | AG7: -1.087 | AH7: Maarten
H8: Arjan | L8: Match 6 | M8: =I25 -> Maarten | N8: =K25 -> Eva | O8: =if(AND(I41 = 0, L41 = 0), "Pending", "") | T8: =H12 -> Jesse | U8: =O122 -> -1 | V8: =C62 -> -1 | W8: =O42 -> -1 | X8: =I62 -> -1 | Z8: =C102 -> -1 | AA8: =SUMIF(U8:Z8, ">0") -> 0 | AB8: =Y10 -> 5 | AC8: =AA8 -> 0 | AD8: =AB8-AC8+(0.01*AD18)+(0.001*AD28) -> 4.927 | AE8: =T8 -> Jesse | AG8: -2.108 | AH8: Willem
H9: Willem | L9: Match 7 | M9: =I45 -> Rory | N9: =K45 -> Jesse | O9: =if(AND(I61 = 0, L61 = 0), "Pending", "") | T9: =H13 -> Maarten | U9: =F42 -> 1 | V9: =I82 -> -1 | W9: =L42 -> -1 | X9: =O102 -> 1 | Y9: =F102 -> 1 | AA9: =SUMIF(U9:Z9, ">0") -> 3 | AB9: =Z10 -> 2 | AC9: =AA9 -> 3 | AD9: =AB9-AC9+(0.01*AD19)+(0.001*AD29) -> -1.087 | AE9: =T9 -> Maarten | AG9: -5.153 | AH9: Eva
H10: Eva | L10: Match 8 | M10: =I65 -> Willem | N10: =K65 -> Maarten | O10: =if(AND(I81 = 0, L81 = 0), "Pending", "") | T10: Matches Won | U10: =SUMIF(U4:U9, ">0" ,U4:U9) -> 3 | V10: =SUMIF(V4:V9, ">0" ,V4:V9) -> 1 | W10: =SUMIF(W4:W9, ">0" ,W4:W9) -> 0 | X10: =SUMIF(X4:X9, ">0" ,X4:X9) -> 3 | Y10: =SUMIF(Y4:Y9, ">0" ,Y4:Y9) -> 5 | Z10: =SUMIF(Z4:Z9, ">0" ,Z4:Z9) -> 2
H11: Rory | L11: Match 9 | M11: =I85 -> Arjan | N11: =K85 -> Eva | O11: =if(AND(I101 = 0, L101 = 0), "Pending", "") | U11: =U3 -> Arjan | V11: =V3 -> Willem | W11: =W3 -> Eva | X11: =X3 -> Rory | Y11: =Y3 -> Jesse | Z11: =Z3 -> Maarten
H12: Jesse | L12: Match 10 | M12: =I105 -> Willem | N12: =K105 -> Rory | O12: =if(AND(I121 = 0, L121 = 0), "Pending", "")
H13: Maarten | L13: Match 11 | M13: =O25 -> Eva | N13: =Q25 -> Jesse | O13: =if(AND(O41 = 0, R41 = 0), "Pending", "") | T13: Doubles | U13: =T14 -> Arjan | V13: =T15 -> Willem | W13: =T16 -> Eva | X13: =T17 -> Rory | Y13: =T18 -> Jesse | Z13: =T19 -> Maarten | AA13: Doubles | AD13: Total | AG13: ORDER | AI13: BY POINTS
L14: Match 12 | M14: =O45 -> Arjan | N14: =Q45 -> Rory | O14: =if(AND(O61 = 0, R61 = 0), "Pending", "") | T14: =H8 -> Arjan | V14: =E121 -> 1 | W14: =K101 -> 4 | X14: =Q61 -> 1 | Y14: =Q121 -> 5 | Z14: =D41 -> 2 | AA14: =SUMIF(U14:Z14, ">0") -> 13 | AD14: =-AA14 -> -13 | AE14: =T14 -> Arjan | AG14: {=SORT(AD14:AE19, 1, FALSE)} -> -8 | AH14: Maarten | AI14: Classify
L15: Match 13 | M15: =O65 -> Willem | N15: =Q65 -> Eva | O15: =if(AND(O81 = 0, R81 = 0), "Pending", "") | T15: =H9 -> Willem | U15: =D121 -> 1 | W15: =Q81 -> 3 | X15: =K121 -> 5 | Y15: =E61 -> 1 | Z15: =K81 -> 1 | AA15: =SUMIF(U15:Z15, ">0") -> 11 | AD15: =-AA15 -> -11 | AE15: =T15 -> Willem | AG15: -9 | AH15: Eva | AI15: Classify
L16: Match 14 | M16: =O85 -> Rory | N16: =Q85 -> Maarten | O16: =if(AND(O101 = 0, R101 = 0), "Pending", "") | T16: =H10 -> Eva | U16: =J101 -> 4 | V16: =P81 -> 3 | X16: =E81 -> 0 | Y16: =Q41 -> 2 | Z16: =J41 -> 0 | AA16: =SUMIF(U16:Z16, ">0") -> 9 | AD16: =-AA16 -> -9 | AE16: =T16 -> Eva | AG16: -11 | AH16: Willem | AI16: TBC
L17: Match 15 | M17: =O105 -> Arjan | N17: =Q105 -> Jesse | O17: =if(AND(O121 = 0, R121 = 0), "Pending", "") | T17: =H11 -> Rory | U17: =P61 -> 1 | V17: =J121 -> 5 | W17: =D81 -> 0 | Y17: =K61 -> 3 | Z17: =Q101 -> 4 | AA17: =SUMIF(U17:Z17, ">0") -> 13 | AD17: =-AA17 -> -13 | AE17: =T17 -> Rory | AG17: -12 | AH17: Jesse
T18: =H12 -> Jesse | U18: =P121 -> 5 | V18: =D61 -> 1 | W18: =P41 -> 2 | X18: =J61 -> 3 | Z18: =D101 -> 1 | AA18: =SUMIF(U18:Z18, ">0") -> 12 | AD18: =-AA18 -> -12 | AE18: =T18 -> Jesse | AG18: -13 | AH18: Arjan
T19: =H13 -> Maarten | U19: =E41 -> 2 | V19: =J81 -> 1 | W19: =K41 -> 0 | X19: =P101 -> 4 | Y19: =E101 -> 1 | AA19: =SUMIF(U19:Z19, ">0") -> 8 | AD19: =-AA19 -> -8 | AE19: =T19 -> Maarten | AG19: -13 | AH19: Rory
T20: Doubles | U20: =SUM(U14:U19) -> 13 | V20: =SUM(V14:V19) -> 11 | W20: =SUM(W14:W19) -> 9 | X20: =SUM(X14:X19) -> 13 | Y20: =SUM(Y14:Y19) -> 12 | Z20: =SUM(Z14:Z19) -> 8
U21: =U13 -> Arjan | V21: =V13 -> Willem | W21: =W13 -> Eva | X21: =X13 -> Rory | Y21: =Y13 -> Jesse | Z21: =Z13 -> Maarten
AD22: 50
D23: INPUT | J23: INPUT | P23: INPUT | T23: POINTS | U23: =T24 -> Arjan | V23: =T25 -> Willem | W23: =T26 -> Eva | X23: =T27 -> Rory | Y23: =T28 -> Jesse | Z23: =T29 -> Maarten | AA23: Points Lost | AB23: Won | AC23: Lost | AD23: Total | AG23: ORDER | AI23: BY POINTS
T24: =H8 -> Arjan | V24: =F121 -> 8 | W24: =L101 -> 0 | X24: =R61 -> 14 | Y24: =R121 -> 12 | Z24: =C41 -> 7 | AA24: =SUMIF(U24:Z24, ">0") -> 41 | AB24: =U30 -> 39 | AC24: =AA24 -> 41 | AD24: =AB24-AC24 -> -2 | AE24: =T24 -> Arjan | AG24: {=SORT(AD24:AE29, 1, FALSE)} -> 47 | AH24: Jesse | AI24: Classify
B25: Match 1 | C25: =T19 -> Maarten | E25: =T14 -> Arjan | H25: Match 6 | I25: =T19 -> Maarten | K25: =T16 -> Eva | N25: Match 11 | O25: =T16 -> Eva | Q25: =T18 -> Jesse | T25: =H9 -> Willem | U25: =C121 -> 11 | W25: =R81 -> 2 | X25: =L121 -> 6 | Y25: =F61 -> 13 | Z25: =L81 -> 12 | AA25: =SUMIF(U25:Z25, ">0") -> 44 | AB25: =V30 -> 46 | AC25: =AA25 -> 44 | AD25: =AB25-AC25 -> 2 | AE25: =T25 -> Willem | AG25: 23 | AH25: Rory | AI25: Classify
B26: Exchange 1 | C26: =IF(AND(D26>0,E26>0), 0, D26) | E26: 2 | F26: =IF(AND(D26>0,E26>0), 0, E26) -> 2 | H26: Exchange 1 | I26: =IF(AND(J26>0,K26>0), 0, J26) | L26: =IF(AND(J26>0,K26>0), 0, K26) | N26: Exchange 1 | O26: =IF(AND(P26>0,Q26>0), 0, P26) -> 0 | P26: 2 | Q26: 2 | R26: =IF(AND(P26>0,Q26>0), 0, Q26) -> 0 | T26: =H10 -> Eva | U26: =I101 -> 11 | V26: =O81 -> 16 | X26: =F81 -> 16 | Y26: =R41 -> 16 | Z26: =I41 -> 14 | AA26: =SUMIF(U26:Z26, ">0") -> 73 | AB26: =W30 -> 10 | AC26: =AA26 -> 73 | AD26: =AB26-AC26 -> -63 | AE26: =T26 -> Eva | AG26: 2 | AH26: Willem | AI26: TBC
B27: Exchange 2 | C27: =IF(AND(D27>0,E27>0), 0, D27) | E27: 3 | F27: =IF(AND(D27>0,E27>0), 0, E27) -> 3 | H27: Exchange 2 | I27: =IF(AND(J27>0,K27>0), 0, J27) -> 3 | J27: 3 | L27: =IF(AND(J27>0,K27>0), 0, K27) | N27: Exchange 2 | O27: =IF(AND(P27>0,Q27>0), 0, P27) | Q27: 3 | R27: =IF(AND(P27>0,Q27>0), 0, Q27) -> 3 | T27: =H11 -> Rory | U27: =O61 -> 6 | V27: =I121 -> 6 | W27: =C81 -> 2 | Y27: =L61 -> 12 | Z27: =R101 -> 4 | AA27: =SUMIF(U27:Z27, ">0") -> 30 | AB27: =X30 -> 53 | AC27: =AA27 -> 30 | AD27: =AB27-AC27 -> 23 | AE27: =T27 -> Rory | AG27: -2 | AH27: Arjan
B28: Exchange 3 | C28: =IF(AND(D28>0,E28>0), 0, D28) | E28: 2 | F28: =IF(AND(D28>0,E28>0), 0, E28) -> 2 | H28: Exchange 3 | I28: =IF(AND(J28>0,K28>0), 0, J28) -> 2 | J28: 2 | L28: =IF(AND(J28>0,K28>0), 0, K28) | N28: Exchange 3 | O28: =IF(AND(P28>0,Q28>0), 0, P28) | Q28: 3 | R28: =IF(AND(P28>0,Q28>0), 0, Q28) -> 3 | T28: =H12 -> Jesse | U28: =O121 -> 2 | V28: =C61 -> 9 | W28: =O41 -> 0 | X28: =I61 -> 4 | Z28: =C101 -> 7 | AA28: =SUMIF(U28:Z28, ">0") -> 22 | AB28: =Y30 -> 69 | AC28: =AA28 -> 22 | AD28: =AB28-AC28 -> 47 | AE28: =T28 -> Jesse | AG28: -7 | AH28: Maarten
B29: Exchange 4 | C29: =IF(AND(D29>0,E29>0), 0, D29) -> 0 | D29: 2 | E29: 2 | F29: =IF(AND(D29>0,E29>0), 0, E29) -> 0 | H29: Exchange 4 | I29: =IF(AND(J29>0,K29>0), 0, J29) | K29: 2 | L29: =IF(AND(J29>0,K29>0), 0, K29) -> 2 | N29: Exchange 4 | O29: =IF(AND(P29>0,Q29>0), 0, P29) | Q29: 2 | R29: =IF(AND(P29>0,Q29>0), 0, Q29) -> 2 | T29: =H13 -> Maarten | U29: =F41 -> 9 | V29: =I81 -> 7 | W29: =L41 -> 6 | X29: =O101 -> 13 | Y29: =F101 -> 16 | AA29: =SUMIF(U29:Z29, ">0") -> 51 | AB29: =Z30 -> 44 | AC29: =AA29 -> 51 | AD29: =AB29-AC29 -> -7 | AE29: =T29 -> Maarten | AG29: -63 | AH29: Eva
B30: Exchange 5 | C30: =IF(AND(D30>0,E30>0), 0, D30) -> 2 | D30: 2 | F30: =IF(AND(D30>0,E30>0), 0, E30) | H30: Exchange 5 | I30: =IF(AND(J30>0,K30>0), 0, J30) | K30: 2 | L30: =IF(AND(J30>0,K30>0), 0, K30) -> 2 | N30: Exchange 5 | O30: =IF(AND(P30>0,Q30>0), 0, P30) | R30: =IF(AND(P30>0,Q30>0), 0, Q30) | T30: Points Won | U30: =SUM(U24:U29) -> 39 | V30: =SUM(V24:V29) -> 46 | W30: =SUM(W24:W29) -> 10 | X30: =SUM(X24:X29) -> 53 | Y30: =SUM(Y24:Y29) -> 69 | Z30: =SUM(Z24:Z29) -> 44
B31: Exchange 6 | C31: =IF(AND(D31>0,E31>0), 0, D31) | E31: 2 | F31: =IF(AND(D31>0,E31>0), 0, E31) -> 2 | H31: Exchange 6 | I31: =IF(AND(J31>0,K31>0), 0, J31) | L31: =IF(AND(J31>0,K31>0), 0, K31) | N31: Exchange 6 | O31: =IF(AND(P31>0,Q31>0), 0, P31) | Q31: 3 | R31: =IF(AND(P31>0,Q31>0), 0, Q31) -> 3 | U31: =U23 -> Arjan | V31: =V23 -> Willem | W31: =W23 -> Eva | X31: =X23 -> Rory | Y31: =Y23 -> Jesse | Z31: =Z23 -> Maarten
B32: Exchange 7 | C32: =IF(AND(D32>0,E32>0), 0, D32) -> 2 | D32: 2 | F32: =IF(AND(D32>0,E32>0), 0, E32) | H32: Exchange 7 | I32: =IF(AND(J32>0,K32>0), 0, J32) -> 3 | J32: 3 | L32: =IF(AND(J32>0,K32>0), 0, K32) | N32: Exchange 7 | O32: =IF(AND(P32>0,Q32>0), 0, P32) | Q32: 3 | R32: =IF(AND(P32>0,Q32>0), 0, Q32) -> 3
B33: Exchange 8 | C33: =IF(AND(D33>0,E33>0), 0, D33) -> 3 | D33: 3 | F33: =IF(AND(D33>0,E33>0), 0, E33) | H33: Exchange 8 | I33: =IF(AND(J33>0,K33>0), 0, J33) | K33: 2 | L33: =IF(AND(J33>0,K33>0), 0, K33) -> 2 | N33: Exchange 8 | O33: =IF(AND(P33>0,Q33>0), 0, P33) | R33: =IF(AND(P33>0,Q33>0), 0, Q33)
B34: Exchange 9 | C34: =IF(AND(D34>0,E34>0), 0, D34) -> 0 | D34: 3 | E34: 2 | F34: =IF(AND(D34>0,E34>0), 0, E34) -> 0 | H34: Exchange 9 | I34: =IF(AND(J34>0,K34>0), 0, J34) -> 3 | J34: 3 | L34: =IF(AND(J34>0,K34>0), 0, K34) | N34: Exchange 9 | O34: =IF(AND(P34>0,Q34>0), 0, P34) | Q34: 2 | R34: =IF(AND(P34>0,Q34>0), 0, Q34) -> 2
B35: Exchange 10 | C35: =IF(AND(D35>0,E35>0), 0, D35) | F35: =IF(AND(D35>0,E35>0), 0, E35) | H35: Exchange 10 | I35: =IF(AND(J35>0,K35>0), 0, J35) -> 3 | J35: 3 | L35: =IF(AND(J35>0,K35>0), 0, K35) | N35: Exchange 10 | O35: =IF(AND(P35>0,Q35>0), 0, P35) -> 0 | P35: 2 | Q35: 3 | R35: =IF(AND(P35>0,Q35>0), 0, Q35) -> 0
B36: Exchange 11 | C36: =IF(AND(D36>0,E36>0), 0, D36) | F36: =IF(AND(D36>0,E36>0), 0, E36) | H36: Exchange 11 | I36: =IF(AND(J36>0,K36>0), 0, J36) | L36: =IF(AND(J36>0,K36>0), 0, K36) | N36: Exchange 11 | O36: =IF(AND(P36>0,Q36>0), 0, P36) | R36: =IF(AND(P36>0,Q36>0), 0, Q36)
B37: Exchange 12 | C37: =IF(AND(D37>0,E37>0), 0, D37) | F37: =IF(AND(D37>0,E37>0), 0, E37) | H37: Exchange 12 | I37: =IF(AND(J37>0,K37>0), 0, J37) | L37: =IF(AND(J37>0,K37>0), 0, K37) | N37: Exchange 12 | O37: =IF(AND(P37>0,Q37>0), 0, P37) | R37: =IF(AND(P37>0,Q37>0), 0, Q37)
B38: Exchange 13 | C38: =IF(AND(D38>0,E38>0), 0, D38) | F38: =IF(AND(D38>0,E38>0), 0, E38) | H38: Exchange 13 | I38: =IF(AND(J38>0,K38>0), 0, J38) | L38: =IF(AND(J38>0,K38>0), 0, K38) | N38: Exchange 13 | O38: =IF(AND(P38>0,Q38>0), 0, P38) | R38: =IF(AND(P38>0,Q38>0), 0, Q38)
B39: Exchange 14 | C39: =IF(AND(D39>0,E39>0), 0, D39) | F39: =IF(AND(D39>0,E39>0), 0, E39) | H39: Exchange 14 | I39: =IF(AND(J39>0,K39>0), 0, J39) | L39: =IF(AND(J39>0,K39>0), 0, K39) | N39: Exchange 14 | O39: =IF(AND(P39>0,Q39>0), 0, P39) | R39: =IF(AND(P39>0,Q39>0), 0, Q39)
B40: Exchange 15 | C40: =IF(AND(D40>0,E40>0), 0, D40) | F40: =IF(AND(D40>0,E40>0), 0, E40) | H40: Exchange 15 | I40: =IF(AND(J40>0,K40>0), 0, J40) | L40: =IF(AND(J40>0,K40>0), 0, K40) | N40: Exchange 15 | O40: =IF(AND(P40>0,Q40>0), 0, P40) | R40: =IF(AND(P40>0,Q40>0), 0, Q40)
B41: Won Points | C41: =SUM(C26:C40) -> 7 | D41: =COUNTIFS(D26:D40, "<>0", D26:D40, "<>", E26:E40, "<>0", E26:E40, "<>") -> 2 | E41: =COUNTIFS(D26:D40, "<>0", D26:D40, "<>", E26:E40, "<>0", E26:E40, "<>") -> 2 | F41: =SUM(F26:F40) -> 9 | H41: Won Points | I41: =SUM(I26:I40) -> 14 | J41: =COUNTIFS(J26:J40, "<>0", J26:J40, "<>", K26:K40, "<>0", K26:K40, "<>") -> 0 | K41: =COUNTIFS(J26:J40, "<>0", J26:J40, "<>", K26:K40, "<>0", K26:K40, "<>") -> 0 | L41: =SUM(L26:L40) -> 6 | N41: Won Points | O41: =SUM(O26:O40) -> 0 | P41: =COUNTIFS(P26:P40, "<>0", P26:P40, "<>", Q26:Q40, "<>0", Q26:Q40, "<>") -> 2 | Q41: =COUNTIFS(P26:P40, "<>0", P26:P40, "<>", Q26:Q40, "<>0", Q26:Q40, "<>") -> 2 | R41: =SUM(R26:R40) -> 16
B42: Won Match | C42: =D42 -> -1 | D42: =IF(C41>F41, 1, (IF(C41=F41, 0, -1))) -> -1 | E42: =IF(F41>C41, 1, (IF(F41=C41, 0, -1))) -> 1 | F42: =E42 -> 1 | H42: Won Match | I42: =J42 -> 1 | J42: =IF(I41>L41, 1, (IF(I41=L41, 0, -1))) -> 1 | K42: =IF(L41>I41, 1, (IF(L41=I41, 0, -1))) -> -1 | L42: =K42 -> -1 | N42: Won Match | O42: =P42 -> -1 | P42: =IF(O41>R41, 1, (IF(O41=R41, 0, -1))) -> -1 | Q42: =IF(R41>O41, 1, (IF(R41=O41, 0, -1))) -> 1 | R42: =Q42 -> 1
B45: Match 2 | C45: =T15 -> Willem | E45: =T18 -> Jesse | H45: Match 7 | I45: =T17 -> Rory | K45: =T18 -> Jesse | N45: Match 12 | O45: =T14 -> Arjan | Q45: =T17 -> Rory
B46: Exchange 1 | C46: =IF(AND(D46>0,E46>0), 0, D46) -> 0 | D46: 2 | E46: 2 | F46: =IF(AND(D46>0,E46>0), 0, E46) -> 0 | H46: Exchange 1 | I46: =IF(AND(J46>0,K46>0), 0, J46) | K46: 2 | L46: =IF(AND(J46>0,K46>0), 0, K46) -> 2 | N46: Exchange 1 | O46: =IF(AND(P46>0,Q46>0), 0, P46) | Q46: 3 | R46: =IF(AND(P46>0,Q46>0), 0, Q46) -> 3
B47: Exchange 2 | C47: =IF(AND(D47>0,E47>0), 0, D47) | E47: 3 | F47: =IF(AND(D47>0,E47>0), 0, E47) -> 3 | H47: Exchange 2 | I47: =IF(AND(J47>0,K47>0), 0, J47) -> 2 | J47: 2 | L47: =IF(AND(J47>0,K47>0), 0, K47) | N47: Exchange 2 | O47: =IF(AND(P47>0,Q47>0), 0, P47) | Q47: 2 | R47: =IF(AND(P47>0,Q47>0), 0, Q47) -> 2
B48: Exchange 3 | C48: =IF(AND(D48>0,E48>0), 0, D48) -> 2 | D48: 2 | F48: =IF(AND(D48>0,E48>0), 0, E48) | H48: Exchange 3 | I48: =IF(AND(J48>0,K48>0), 0, J48) -> 2 | J48: 2 | L48: =IF(AND(J48>0,K48>0), 0, K48) | N48: Exchange 3 | O48: =IF(AND(P48>0,Q48>0), 0, P48) -> 0 | P48: 2 | Q48: 3 | R48: =IF(AND(P48>0,Q48>0), 0, Q48) -> 0
B49: Exchange 4 | C49: =IF(AND(D49>0,E49>0), 0, D49) -> 2 | D49: 2 | F49: =IF(AND(D49>0,E49>0), 0, E49) | H49: Exchange 4 | I49: =IF(AND(J49>0,K49>0), 0, J49) -> 0 | J49: 2 | K49: 3 | L49: =IF(AND(J49>0,K49>0), 0, K49) -> 0 | N49: Exchange 4 | O49: =IF(AND(P49>0,Q49>0), 0, P49) | Q49: 3 | R49: =IF(AND(P49>0,Q49>0), 0, Q49) -> 3
B50: Exchange 5 | C50: =IF(AND(D50>0,E50>0), 0, D50) -> 2 | D50: 2 | F50: =IF(AND(D50>0,E50>0), 0, E50) | H50: Exchange 5 | I50: =IF(AND(J50>0,K50>0), 0, J50) | K50: 2 | L50: =IF(AND(J50>0,K50>0), 0, K50) -> 2 | N50: Exchange 5 | O50: =IF(AND(P50>0,Q50>0), 0, P50) -> 2 | P50: 2 | R50: =IF(AND(P50>0,Q50>0), 0, Q50)
B51: Exchange 6 | C51: =IF(AND(D51>0,E51>0), 0, D51) | E51: 3 | F51: =IF(AND(D51>0,E51>0), 0, E51) -> 3 | H51: Exchange 6 | I51: =IF(AND(J51>0,K51>0), 0, J51) | K51: 2 | L51: =IF(AND(J51>0,K51>0), 0, K51) -> 2 | N51: Exchange 6 | O51: =IF(AND(P51>0,Q51>0), 0, P51) -> 2 | P51: 2 | R51: =IF(AND(P51>0,Q51>0), 0, Q51)
B52: Exchange 7 | C52: =IF(AND(D52>0,E52>0), 0, D52) -> 3 | D52: 3 | F52: =IF(AND(D52>0,E52>0), 0, E52) | H52: Exchange 7 | I52: =IF(AND(J52>0,K52>0), 0, J52) -> 0 | J52: 3 | K52: 2 | L52: =IF(AND(J52>0,K52>0), 0, K52) -> 0 | N52: Exchange 7 | O52: =IF(AND(P52>0,Q52>0), 0, P52) | Q52: 2 | R52: =IF(AND(P52>0,Q52>0), 0, Q52) -> 2
B53: Exchange 8 | C53: =IF(AND(D53>0,E53>0), 0, D53) | E53: 2 | F53: =IF(AND(D53>0,E53>0), 0, E53) -> 2 | H53: Exchange 8 | I53: =IF(AND(J53>0,K53>0), 0, J53) | K53: 2 | L53: =IF(AND(J53>0,K53>0), 0, K53) -> 2 | N53: Exchange 8 | O53: =IF(AND(P53>0,Q53>0), 0, P53) -> 2 | P53: 2 | R53: =IF(AND(P53>0,Q53>0), 0, Q53)
B54: Exchange 9 | C54: =IF(AND(D54>0,E54>0), 0, D54) | E54: 2 | F54: =IF(AND(D54>0,E54>0), 0, E54) -> 2 | H54: Exchange 9 | I54: =IF(AND(J54>0,K54>0), 0, J54) -> 0 | J54: 2 | K54: 3 | L54: =IF(AND(J54>0,K54>0), 0, K54) -> 0 | N54: Exchange 9 | O54: =IF(AND(P54>0,Q54>0), 0, P54) | Q54: 2 | R54: =IF(AND(P54>0,Q54>0), 0, Q54) -> 2
B55: Exchange 10 | C55: =IF(AND(D55>0,E55>0), 0, D55) | E55: 3 | F55: =IF(AND(D55>0,E55>0), 0, E55) -> 3 | H55: Exchange 10 | I55: =IF(AND(J55>0,K55>0), 0, J55) | K55: 2 | L55: =IF(AND(J55>0,K55>0), 0, K55) -> 2 | N55: Exchange 10 | O55: =IF(AND(P55>0,Q55>0), 0, P55) | Q55: 2 | R55: =IF(AND(P55>0,Q55>0), 0, Q55) -> 2
B56: Exchange 11 | C56: =IF(AND(D56>0,E56>0), 0, D56) | F56: =IF(AND(D56>0,E56>0), 0, E56) | H56: Exchange 11 | I56: =IF(AND(J56>0,K56>0), 0, J56) | K56: 2 | L56: =IF(AND(J56>0,K56>0), 0, K56) -> 2 | N56: Exchange 11 | O56: =IF(AND(P56>0,Q56>0), 0, P56) | R56: =IF(AND(P56>0,Q56>0), 0, Q56)
B57: Exchange 12 | C57: =IF(AND(D57>0,E57>0), 0, D57) | F57: =IF(AND(D57>0,E57>0), 0, E57) | H57: Exchange 12 | I57: =IF(AND(J57>0,K57>0), 0, J57) | L57: =IF(AND(J57>0,K57>0), 0, K57) | N57: Exchange 12 | O57: =IF(AND(P57>0,Q57>0), 0, P57) | R57: =IF(AND(P57>0,Q57>0), 0, Q57)
B58: Exchange 13 | C58: =IF(AND(D58>0,E58>0), 0, D58) | F58: =IF(AND(D58>0,E58>0), 0, E58) | H58: Exchange 13 | I58: =IF(AND(J58>0,K58>0), 0, J58) | L58: =IF(AND(J58>0,K58>0), 0, K58) | N58: Exchange 13 | O58: =IF(AND(P58>0,Q58>0), 0, P58) | R58: =IF(AND(P58>0,Q58>0), 0, Q58)
B59: Exchange 14 | C59: =IF(AND(D59>0,E59>0), 0, D59) | F59: =IF(AND(D59>0,E59>0), 0, E59) | H59: Exchange 14 | I59: =IF(AND(J59>0,K59>0), 0, J59) | L59: =IF(AND(J59>0,K59>0), 0, K59) | N59: Exchange 14 | O59: =IF(AND(P59>0,Q59>0), 0, P59) | R59: =IF(AND(P59>0,Q59>0), 0, Q59)
B60: Exchange 15 | C60: =IF(AND(D60>0,E60>0), 0, D60) | F60: =IF(AND(D60>0,E60>0), 0, E60) | H60: Exchange 15 | I60: =IF(AND(J60>0,K60>0), 0, J60) | L60: =IF(AND(J60>0,K60>0), 0, K60) | N60: Exchange 15 | O60: =IF(AND(P60>0,Q60>0), 0, P60) | R60: =IF(AND(P60>0,Q60>0), 0, Q60)
B61: Won Points | C61: =SUM(C46:C60) -> 9 | D61: =COUNTIFS(D46:D60, "<>0", D46:D60, "<>", E46:E60, "<>0", E46:E60, "<>") -> 1 | E61: =COUNTIFS(D46:D60, "<>0", D46:D60, "<>", E46:E60, "<>0", E46:E60, "<>") -> 1 | F61: =SUM(F46:F60) -> 13 | H61: Won Points | I61: =SUM(I46:I60) -> 4 | J61: =COUNTIFS(J46:J60, "<>0", J46:J60, "<>", K46:K60, "<>0", K46:K60, "<>") -> 3 | K61: =COUNTIFS(J46:J60, "<>0", J46:J60, "<>", K46:K60, "<>0", K46:K60, "<>") -> 3 | L61: =SUM(L46:L60) -> 12 | N61: Won Points | O61: =SUM(O46:O60) -> 6 | P61: =COUNTIFS(P46:P60, "<>0", P46:P60, "<>", Q46:Q60, "<>0", Q46:Q60, "<>") -> 1 | Q61: =COUNTIFS(P46:P60, "<>0", P46:P60, "<>", Q46:Q60, "<>0", Q46:Q60, "<>") -> 1 | R61: =SUM(R46:R60) -> 14
B62: Won Match | C62: =D62 -> -1 | D62: =IF(C61>F61, 1, (IF(C61=F61, 0, -1))) -> -1 | E62: =IF(F61>C61, 1, (IF(F61=C61, 0, -1))) -> 1 | F62: =E62 -> 1 | H62: Won Match | I62: =J62 -> -1 | J62: =IF(I61>L61, 1, (IF(I61=L61, 0, -1))) -> -1 | K62: =IF(L61>I61, 1, (IF(L61=I61, 0, -1))) -> 1 | L62: =K62 -> 1 | N62: Won Match | O62: =P62 -> -1 | P62: =IF(O61>R61, 1, (IF(O61=R61, 0, -1))) -> -1 | Q62: =IF(R61>O61, 1, (IF(R61=O61, 0, -1))) -> 1 | R62: =Q62 -> 1
B65: Match 3 | C65: =T16 -> Eva | E65: =T17 -> Rory | H65: Match 8 | I65: =T15 -> Willem | K65: =T19 -> Maarten | N65: Match 13 | O65: =T15 -> Willem | Q65: =T16 -> Eva
B66: Exchange 1 | C66: =IF(AND(D66>0,E66>0), 0, D66) | E66: 2 | F66: =IF(AND(D66>0,E66>0), 0, E66) -> 2 | H66: Exchange 1 | I66: =IF(AND(J66>0,K66>0), 0, J66) | L66: =IF(AND(J66>0,K66>0), 0, K66) | N66: Exchange 1 | O66: =IF(AND(P66>0,Q66>0), 0, P66) -> 2 | P66: 2 | R66: =IF(AND(P66>0,Q66>0), 0, Q66)
B67: Exchange 2 | C67: =IF(AND(D67>0,E67>0), 0, D67) | F67: =IF(AND(D67>0,E67>0), 0, E67) | H67: Exchange 2 | I67: =IF(AND(J67>0,K67>0), 0, J67) | K67: 2 | L67: =IF(AND(J67>0,K67>0), 0, K67) -> 2 | N67: Exchange 2 | O67: =IF(AND(P67>0,Q67>0), 0, P67) -> 3 | P67: 3 | R67: =IF(AND(P67>0,Q67>0), 0, Q67)
B68: Exchange 3 | C68: =IF(AND(D68>0,E68>0), 0, D68) | F68: =IF(AND(D68>0,E68>0), 0, E68) | H68: Exchange 3 | I68: =IF(AND(J68>0,K68>0), 0, J68) -> 3 | J68: 3 | L68: =IF(AND(J68>0,K68>0), 0, K68) | N68: Exchange 3 | O68: =IF(AND(P68>0,Q68>0), 0, P68) -> 3 | P68: 3 | R68: =IF(AND(P68>0,Q68>0), 0, Q68)
B69: Exchange 4 | C69: =IF(AND(D69>0,E69>0), 0, D69) | E69: 3 | F69: =IF(AND(D69>0,E69>0), 0, E69) -> 3 | H69: Exchange 4 | I69: =IF(AND(J69>0,K69>0), 0, J69) -> 0 | J69: 3 | K69: 2 | L69: =IF(AND(J69>0,K69>0), 0, K69) -> 0 | N69: Exchange 4 | O69: =IF(AND(P69>0,Q69>0), 0, P69) -> 0 | P69: 2 | Q69: 2 | R69: =IF(AND(P69>0,Q69>0), 0, Q69) -> 0
B70: Exchange 5 | C70: =IF(AND(D70>0,E70>0), 0, D70) -> 2 | D70: 2 | F70: =IF(AND(D70>0,E70>0), 0, E70) | H70: Exchange 5 | I70: =IF(AND(J70>0,K70>0), 0, J70) | K70: 2 | L70: =IF(AND(J70>0,K70>0), 0, K70) -> 2 | N70: Exchange 5 | O70: =IF(AND(P70>0,Q70>0), 0, P70) | Q70: 2 | R70: =IF(AND(P70>0,Q70>0), 0, Q70) -> 2
B71: Exchange 6 | C71: =IF(AND(D71>0,E71>0), 0, D71) | E71: 3 | F71: =IF(AND(D71>0,E71>0), 0, E71) -> 3 | H71: Exchange 6 | I71: =IF(AND(J71>0,K71>0), 0, J71) -> 2 | J71: 2 | L71: =IF(AND(J71>0,K71>0), 0, K71) | N71: Exchange 6 | O71: =IF(AND(P71>0,Q71>0), 0, P71) -> 2 | P71: 2 | R71: =IF(AND(P71>0,Q71>0), 0, Q71)
B72: Exchange 7 | C72: =IF(AND(D72>0,E72>0), 0, D72) | E72: 2 | F72: =IF(AND(D72>0,E72>0), 0, E72) -> 2 | H72: Exchange 7 | I72: =IF(AND(J72>0,K72>0), 0, J72) | K72: 3 | L72: =IF(AND(J72>0,K72>0), 0, K72) -> 3 | N72: Exchange 7 | O72: =IF(AND(P72>0,Q72>0), 0, P72) -> 3 | P72: 3 | R72: =IF(AND(P72>0,Q72>0), 0, Q72)
B73: Exchange 8 | C73: =IF(AND(D73>0,E73>0), 0, D73) | E73: 3 | F73: =IF(AND(D73>0,E73>0), 0, E73) -> 3 | H73: Exchange 8 | I73: =IF(AND(J73>0,K73>0), 0, J73) | K73: 2 | L73: =IF(AND(J73>0,K73>0), 0, K73) -> 2 | N73: Exchange 8 | O73: =IF(AND(P73>0,Q73>0), 0, P73) -> 0 | P73: 2 | Q73: 2 | R73: =IF(AND(P73>0,Q73>0), 0, Q73) -> 0
B74: Exchange 9 | C74: =IF(AND(D74>0,E74>0), 0, D74) | F74: =IF(AND(D74>0,E74>0), 0, E74) | H74: Exchange 9 | I74: =IF(AND(J74>0,K74>0), 0, J74) -> 2 | J74: 2 | L74: =IF(AND(J74>0,K74>0), 0, K74) | N74: Exchange 9 | O74: =IF(AND(P74>0,Q74>0), 0, P74) -> 0 | P74: 3 | Q74: 2 | R74: =IF(AND(P74>0,Q74>0), 0, Q74) -> 0
B75: Exchange 10 | C75: =IF(AND(D75>0,E75>0), 0, D75) | E75: 3 | F75: =IF(AND(D75>0,E75>0), 0, E75) -> 3 | H75: Exchange 10 | I75: =IF(AND(J75>0,K75>0), 0, J75) | K75: 3 | L75: =IF(AND(J75>0,K75>0), 0, K75) -> 3 | N75: Exchange 10 | O75: =IF(AND(P75>0,Q75>0), 0, P75) -> 3 | P75: 3 | R75: =IF(AND(P75>0,Q75>0), 0, Q75)
B76: Exchange 11 | C76: =IF(AND(D76>0,E76>0), 0, D76) | F76: =IF(AND(D76>0,E76>0), 0, E76) | H76: Exchange 11 | I76: =IF(AND(J76>0,K76>0), 0, J76) | L76: =IF(AND(J76>0,K76>0), 0, K76) | N76: Exchange 11 | O76: =IF(AND(P76>0,Q76>0), 0, P76) | R76: =IF(AND(P76>0,Q76>0), 0, Q76)
B77: Exchange 12 | C77: =IF(AND(D77>0,E77>0), 0, D77) | F77: =IF(AND(D77>0,E77>0), 0, E77) | H77: Exchange 12 | I77: =IF(AND(J77>0,K77>0), 0, J77) | L77: =IF(AND(J77>0,K77>0), 0, K77) | N77: Exchange 12 | O77: =IF(AND(P77>0,Q77>0), 0, P77) | R77: =IF(AND(P77>0,Q77>0), 0, Q77)
B78: Exchange 13 | C78: =IF(AND(D78>0,E78>0), 0, D78) | F78: =IF(AND(D78>0,E78>0), 0, E78) | H78: Exchange 13 | I78: =IF(AND(J78>0,K78>0), 0, J78) | L78: =IF(AND(J78>0,K78>0), 0, K78) | N78: Exchange 13 | O78: =IF(AND(P78>0,Q78>0), 0, P78) | R78: =IF(AND(P78>0,Q78>0), 0, Q78)
B79: Exchange 14 | C79: =IF(AND(D79>0,E79>0), 0, D79) | F79: =IF(AND(D79>0,E79>0), 0, E79) | H79: Exchange 14 | I79: =IF(AND(J79>0,K79>0), 0, J79) | L79: =IF(AND(J79>0,K79>0), 0, K79) | N79: Exchange 14 | O79: =IF(AND(P79>0,Q79>0), 0, P79) | R79: =IF(AND(P79>0,Q79>0), 0, Q79)
B80: Exchange 15 | C80: =IF(AND(D80>0,E80>0), 0, D80) | F80: =IF(AND(D80>0,E80>0), 0, E80) | H80: Exchange 15 | I80: =IF(AND(J80>0,K80>0), 0, J80) | L80: =IF(AND(J80>0,K80>0), 0, K80) | N80: Exchange 15 | O80: =IF(AND(P80>0,Q80>0), 0, P80) | R80: =IF(AND(P80>0,Q80>0), 0, Q80)
B81: Won Points | C81: =SUM(C66:C80) -> 2 | D81: =COUNTIFS(D66:D80, "<>0", D66:D80, "<>", E66:E80, "<>0", E66:E80, "<>") -> 0 | E81: =COUNTIFS(D66:D80, "<>0", D66:D80, "<>", E66:E80, "<>0", E66:E80, "<>") -> 0 | F81: =SUM(F66:F80) -> 16 | H81: Won Points | I81: =SUM(I66:I80) -> 7 | J81: =COUNTIFS(J66:J80, "<>0", J66:J80, "<>", K66:K80, "<>0", K66:K80, "<>") -> 1 | K81: =COUNTIFS(J66:J80, "<>0", J66:J80, "<>", K66:K80, "<>0", K66:K80, "<>") -> 1 | L81: =SUM(L66:L80) -> 12 | N81: Won Points | O81: =SUM(O66:O80) -> 16 | P81: =COUNTIFS(P66:P80, "<>0", P66:P80, "<>", Q66:Q80, "<>0", Q66:Q80, "<>") -> 3 | Q81: =COUNTIFS(P66:P80, "<>0", P66:P80, "<>", Q66:Q80, "<>0", Q66:Q80, "<>") -> 3 | R81: =SUM(R66:R80) -> 2
B82: Won Match | C82: =D82 -> -1 | D82: =IF(C81>F81, 1, (IF(C81=F81, 0, -1))) -> -1 | E82: =IF(F81>C81, 1, (IF(F81=C81, 0, -1))) -> 1 | F82: =E82 -> 1 | H82: Won Match | I82: =J82 -> -1 | J82: =IF(I81>L81, 1, (IF(I81=L81, 0, -1))) -> -1 | K82: =IF(L81>I81, 1, (IF(L81=I81, 0, -1))) -> 1 | L82: =K82 -> 1 | N82: Won Match | O82: =P82 -> 1 | P82: =IF(O81>R81, 1, (IF(O81=R81, 0, -1))) -> 1 | Q82: =IF(R81>O81, 1, (IF(R81=O81, 0, -1))) -> -1 | R82: =Q82 -> -1
B85: Match 4 | C85: =T19 -> Maarten | E85: =T18 -> Jesse | H85: Match 9 | I85: =T14 -> Arjan | K85: =T16 -> Eva | N85: Match 14 | O85: =T17 -> Rory | Q85: =T19 -> Maarten
B86: Exchange 1 | C86: =IF(AND(D86>0,E86>0), 0, D86) | E86: 2 | F86: =IF(AND(D86>0,E86>0), 0, E86) -> 2 | H86: Exchange 1 | I86: =IF(AND(J86>0,K86>0), 0, J86) -> 0 | J86: 2 | K86: 2 | L86: =IF(AND(J86>0,K86>0), 0, K86) -> 0 | N86: Exchange 1 | O86: =IF(AND(P86>0,Q86>0), 0, P86) -> 2 | P86: 2 | R86: =IF(AND(P86>0,Q86>0), 0, Q86)
B87: Exchange 2 | C87: =IF(AND(D87>0,E87>0), 0, D87) -> 3 | D87: 3 | F87: =IF(AND(D87>0,E87>0), 0, E87) | H87: Exchange 2 | I87: =IF(AND(J87>0,K87>0), 0, J87) -> 0 | J87: 2 | K87: 3 | L87: =IF(AND(J87>0,K87>0), 0, K87) -> 0 | N87: Exchange 2 | O87: =IF(AND(P87>0,Q87>0), 0, P87) -> 0 | P87: 2 | Q87: 2 | R87: =IF(AND(P87>0,Q87>0), 0, Q87) -> 0
B88: Exchange 3 | C88: =IF(AND(D88>0,E88>0), 0, D88) | E88: 3 | F88: =IF(AND(D88>0,E88>0), 0, E88) -> 3 | H88: Exchange 3 | I88: =IF(AND(J88>0,K88>0), 0, J88) -> 0 | J88: 2 | K88: 2 | L88: =IF(AND(J88>0,K88>0), 0, K88) -> 0 | N88: Exchange 3 | O88: =IF(AND(P88>0,Q88>0), 0, P88) | Q88: 2 | R88: =IF(AND(P88>0,Q88>0), 0, Q88) -> 2
B89: Exchange 4 | C89: =IF(AND(D89>0,E89>0), 0, D89) | E89: 3 | F89: =IF(AND(D89>0,E89>0), 0, E89) -> 3 | H89: Exchange 4 | I89: =IF(AND(J89>0,K89>0), 0, J89) -> 3 | J89: 3 | L89: =IF(AND(J89>0,K89>0), 0, K89) | N89: Exchange 4 | O89: =IF(AND(P89>0,Q89>0), 0, P89) -> 3 | P89: 3 | R89: =IF(AND(P89>0,Q89>0), 0, Q89)
B90: Exchange 5 | C90: =IF(AND(D90>0,E90>0), 0, D90) -> 0 | D90: 3 | E90: 3 | F90: =IF(AND(D90>0,E90>0), 0, E90) -> 0 | H90: Exchange 5 | I90: =IF(AND(J90>0,K90>0), 0, J90) -> 3 | J90: 3 | L90: =IF(AND(J90>0,K90>0), 0, K90) | N90: Exchange 5 | O90: =IF(AND(P90>0,Q90>0), 0, P90) -> 3 | P90: 3 | R90: =IF(AND(P90>0,Q90>0), 0, Q90)
B91: Exchange 6 | C91: =IF(AND(D91>0,E91>0), 0, D91) -> 2 | D91: 2 | F91: =IF(AND(D91>0,E91>0), 0, E91) | H91: Exchange 6 | I91: =IF(AND(J91>0,K91>0), 0, J91) -> 0 | J91: 2 | K91: 3 | L91: =IF(AND(J91>0,K91>0), 0, K91) -> 0 | N91: Exchange 6 | O91: =IF(AND(P91>0,Q91>0), 0, P91) -> 0 | P91: 3 | Q91: 2 | R91: =IF(AND(P91>0,Q91>0), 0, Q91) -> 0
B92: Exchange 7 | C92: =IF(AND(D92>0,E92>0), 0, D92) -> 2 | D92: 2 | F92: =IF(AND(D92>0,E92>0), 0, E92) | H92: Exchange 7 | I92: =IF(AND(J92>0,K92>0), 0, J92) -> 3 | J92: 3 | L92: =IF(AND(J92>0,K92>0), 0, K92) | N92: Exchange 7 | O92: =IF(AND(P92>0,Q92>0), 0, P92) -> 0 | P92: 2 | Q92: 2 | R92: =IF(AND(P92>0,Q92>0), 0, Q92) -> 0
B93: Exchange 8 | C93: =IF(AND(D93>0,E93>0), 0, D93) | E93: 3 | F93: =IF(AND(D93>0,E93>0), 0, E93) -> 3 | H93: Exchange 8 | I93: =IF(AND(J93>0,K93>0), 0, J93) -> 2 | J93: 2 | L93: =IF(AND(J93>0,K93>0), 0, K93) | N93: Exchange 8 | O93: =IF(AND(P93>0,Q93>0), 0, P93) -> 0 | P93: 3 | Q93: 3 | R93: =IF(AND(P93>0,Q93>0), 0, Q93) -> 0
B94: Exchange 9 | C94: =IF(AND(D94>0,E94>0), 0, D94) | E94: 2 | F94: =IF(AND(D94>0,E94>0), 0, E94) -> 2 | H94: Exchange 9 | I94: =IF(AND(J94>0,K94>0), 0, J94) | L94: =IF(AND(J94>0,K94>0), 0, K94) | N94: Exchange 9 | O94: =IF(AND(P94>0,Q94>0), 0, P94) | Q94: 2 | R94: =IF(AND(P94>0,Q94>0), 0, Q94) -> 2
B95: Exchange 10 | C95: =IF(AND(D95>0,E95>0), 0, D95) | E95: 3 | F95: =IF(AND(D95>0,E95>0), 0, E95) -> 3 | H95: Exchange 10 | I95: =IF(AND(J95>0,K95>0), 0, J95) | L95: =IF(AND(J95>0,K95>0), 0, K95) | N95: Exchange 10 | O95: =IF(AND(P95>0,Q95>0), 0, P95) -> 3 | P95: 3 | R95: =IF(AND(P95>0,Q95>0), 0, Q95)
B96: Exchange 11 | C96: =IF(AND(D96>0,E96>0), 0, D96) | F96: =IF(AND(D96>0,E96>0), 0, E96) | H96: Exchange 11 | I96: =IF(AND(J96>0,K96>0), 0, J96) | L96: =IF(AND(J96>0,K96>0), 0, K96) | N96: Exchange 11 | O96: =IF(AND(P96>0,Q96>0), 0, P96) -> 2 | P96: 2 | R96: =IF(AND(P96>0,Q96>0), 0, Q96)
B97: Exchange 12 | C97: =IF(AND(D97>0,E97>0), 0, D97) | F97: =IF(AND(D97>0,E97>0), 0, E97) | H97: Exchange 12 | I97: =IF(AND(J97>0,K97>0), 0, J97) | L97: =IF(AND(J97>0,K97>0), 0, K97) | N97: Exchange 12 | O97: =IF(AND(P97>0,Q97>0), 0, P97) | R97: =IF(AND(P97>0,Q97>0), 0, Q97)
B98: Exchange 13 | C98: =IF(AND(D98>0,E98>0), 0, D98) | F98: =IF(AND(D98>0,E98>0), 0, E98) | H98: Exchange 13 | I98: =IF(AND(J98>0,K98>0), 0, J98) | L98: =IF(AND(J98>0,K98>0), 0, K98) | N98: Exchange 13 | O98: =IF(AND(P98>0,Q98>0), 0, P98) | R98: =IF(AND(P98>0,Q98>0), 0, Q98)
B99: Exchange 14 | C99: =IF(AND(D99>0,E99>0), 0, D99) | F99: =IF(AND(D99>0,E99>0), 0, E99) | H99: Exchange 14 | I99: =IF(AND(J99>0,K99>0), 0, J99) | L99: =IF(AND(J99>0,K99>0), 0, K99) | N99: Exchange 14 | O99: =IF(AND(P99>0,Q99>0), 0, P99) | R99: =IF(AND(P99>0,Q99>0), 0, Q99)
B100: Exchange 15 | C100: =IF(AND(D100>0,E100>0), 0, D100) | F100: =IF(AND(D100>0,E100>0), 0, E100) | H100: Exchange 15 | I100: =IF(AND(J100>0,K100>0), 0, J100) | L100: =IF(AND(J100>0,K100>0), 0, K100) | N100: Exchange 15 | O100: =IF(AND(P100>0,Q100>0), 0, P100) | R100: =IF(AND(P100>0,Q100>0), 0, Q100)
B101: Won Points | C101: =SUM(C86:C100) -> 7 | D101: =COUNTIFS(D86:D100, "<>0", D86:D100, "<>", E86:E100, "<>0", E86:E100, "<>") -> 1 | E101: =COUNTIFS(D86:D100, "<>0", D86:D100, "<>", E86:E100, "<>0", E86:E100, "<>") -> 1 | F101: =SUM(F86:F100) -> 16 | H101: Won Points | I101: =SUM(I86:I100) -> 11 | J101: =COUNTIFS(J86:J100, "<>0", J86:J100, "<>", K86:K100, "<>0", K86:K100, "<>") -> 4 | K101: =COUNTIFS(J86:J100, "<>0", J86:J100, "<>", K86:K100, "<>0", K86:K100, "<>") -> 4 | L101: =SUM(L86:L100) -> 0 | N101: Won Points | O101: =SUM(O86:O100) -> 13 | P101: =COUNTIFS(P86:P100, "<>0", P86:P100, "<>", Q86:Q100, "<>0", Q86:Q100, "<>") -> 4 | Q101: =COUNTIFS(P86:P100, "<>0", P86:P100, "<>", Q86:Q100, "<>0", Q86:Q100, "<>") -> 4 | R101: =SUM(R86:R100) -> 4
B102: Won Match | C102: =D102 -> -1 | D102: =IF(C101>F101, 1, (IF(C101=F101, 0, -1))) -> -1 | E102: =IF(F101>C101, 1, (IF(F101=C101, 0, -1))) -> 1 | F102: =E102 -> 1 | H102: Won Match | I102: =J102 -> 1 | J102: =IF(I101>L101, 1, (IF(I101=L101, 0, -1))) -> 1 | K102: =IF(L101>I101, 1, (IF(L101=I101, 0, -1))) -> -1 | L102: =K102 -> -1 | N102: Won Match | O102: =P102 -> 1 | P102: =IF(O101>R101, 1, (IF(O101=R101, 0, -1))) -> 1 | Q102: =IF(R101>O101, 1, (IF(R101=O101, 0, -1))) -> -1 | R102: =Q102 -> -1
B105: Match 5 | C105: =T14 -> Arjan | E105: =T15 -> Willem | H105: Match 10 | I105: =T15 -> Willem | K105: =T17 -> Rory | N105: Match 15 | O105: =T14 -> Arjan | Q105: =T18 -> Jesse
B106: Exchange 1 | C106: =IF(AND(D106>0,E106>0), 0, D106) | F106: =IF(AND(D106>0,E106>0), 0, E106) | H106: Exchange 1 | I106: =IF(AND(J106>0,K106>0), 0, J106) -> 2 | J106: 2 | L106: =IF(AND(J106>0,K106>0), 0, K106) | N106: Exchange 1 | O106: =IF(AND(P106>0,Q106>0), 0, P106) | Q106: 3 | R106: =IF(AND(P106>0,Q106>0), 0, Q106) -> 3
B107: Exchange 2 | C107: =IF(AND(D107>0,E107>0), 0, D107) -> 2 | D107: 2 | F107: =IF(AND(D107>0,E107>0), 0, E107) | H107: Exchange 2 | I107: =IF(AND(J107>0,K107>0), 0, J107) | L107: =IF(AND(J107>0,K107>0), 0, K107) | N107: Exchange 2 | O107: =IF(AND(P107>0,Q107>0), 0, P107) | Q107: 2 | R107: =IF(AND(P107>0,Q107>0), 0, Q107) -> 2
B108: Exchange 3 | C108: =IF(AND(D108>0,E108>0), 0, D108) | E108: 3 | F108: =IF(AND(D108>0,E108>0), 0, E108) -> 3 | H108: Exchange 3 | I108: =IF(AND(J108>0,K108>0), 0, J108) -> 0 | J108: 2 | K108: 2 | L108: =IF(AND(J108>0,K108>0), 0, K108) -> 0 | N108: Exchange 3 | O108: =IF(AND(P108>0,Q108>0), 0, P108) -> 0 | P108: 3 | Q108: 2 | R108: =IF(AND(P108>0,Q108>0), 0, Q108) -> 0
B109: Exchange 4 | C109: =IF(AND(D109>0,E109>0), 0, D109) | F109: =IF(AND(D109>0,E109>0), 0, E109) | H109: Exchange 4 | I109: =IF(AND(J109>0,K109>0), 0, J109) -> 0 | J109: 3 | K109: 2 | L109: =IF(AND(J109>0,K109>0), 0, K109) -> 0 | N109: Exchange 4 | O109: =IF(AND(P109>0,Q109>0), 0, P109) | Q109: 3 | R109: =IF(AND(P109>0,Q109>0), 0, Q109) -> 3
B110: Exchange 5 | C110: =IF(AND(D110>0,E110>0), 0, D110) | E110: 2 | F110: =IF(AND(D110>0,E110>0), 0, E110) -> 2 | H110: Exchange 5 | I110: =IF(AND(J110>0,K110>0), 0, J110) -> 0 | J110: 2 | K110: 2 | L110: =IF(AND(J110>0,K110>0), 0, K110) -> 0 | N110: Exchange 5 | O110: =IF(AND(P110>0,Q110>0), 0, P110) | Q110: 2 | R110: =IF(AND(P110>0,Q110>0), 0, Q110) -> 2
...

Sheet Pool_3
L3: Match 1 | M3: =C25 -> Mittens | N3: =E25 -> Berend | O3: =if(AND(C41 = 0, F41 = 0), "Pending", "") | T3: MATCHES | U3: =T4 -> Berend | V3: =T5 -> Judith | W3: =T6 -> Tjeard | X3: =T7 -> Daniel | Y3: =T8 -> Frank | Z3: =T9 -> Mittens | AA3: Matches Lost | AB3: Won | AC3: Lost | AD3: Total | AG3: ORDER | AI3: BY MATCHES
L4: Match 2 | M4: =C45 -> Judith | N4: =E45 -> Frank | O4: =if(AND(C61 = 0, F61 = 0), "Pending", "") | T4: =H8 -> Berend | V4: =F122 -> -1 | W4: =L102 -> 1 | X4: =R62 -> -1 | Y4: =R122 -> -1 | Z4: =C42 -> -1 | AA4: =SUMIF(U4:Z4, ">0") -> 1 | AB4: =U10 -> 4 | AC4: =AA4 -> 1 | AD4: =AB4-AC4+(0.01*AD14)+(0.001*AD24) -> 2.854 | AE4: =T4 -> Berend | AG4: {=sort(AD4:AE9, 1, FALSE)} -> 2.854 | AH4: Berend | AI4: Classify
L5: Match 3 | M5: =C65 -> Tjeard | N5: =E65 -> Daniel | O5: =if(AND(C81 = 0, F81 = 0), "Pending", "") | T5: =H9 -> Judith | U5: =C122 -> 1 | W5: =R82 -> 1 | X5: =L122 -> -1 | Y5: =F62 -> 1 | Z5: =L82 -> -1 | AA5: =SUMIF(U5:Z5, ">0") -> 3 | AB5: =V10 -> 2 | AC5: =AA5 -> 3 | AD5: =AB5-AC5+(0.01*AD15)+(0.001*AD25) -> -1.152 | AE5: =T5 -> Judith | AG5: 2.829 | AH5: Tjeard | AI5: Classify
H6: INPUT | L6: Match 4 | M6: =C85 -> Mittens | N6: =E85 -> Frank | O6: =if(AND(C101 = 0, F101 = 0), "Pending", "") | T6: =H10 -> Tjeard | U6: =I102 -> -1 | V6: =O82 -> -1 | X6: =F82 -> 1 | Y6: =R42 -> -1 | Z6: =I42 -> -1 | AA6: =SUMIF(U6:Z6, ">0") -> 1 | AB6: =W10 -> 4 | AC6: =AA6 -> 1 | AD6: =AB6-AC6+(0.01*AD16)+(0.001*AD26) -> 2.829 | AE6: =T6 -> Tjeard | AG6: -1.068 | AH6: Mittens | AI6: TBC
L7: Match 5 | M7: =C105 -> Berend | N7: =E105 -> Judith | O7: =if(AND(C121 = 0, F121 = 0), "Pending", "") | T7: =H11 -> Daniel | U7: =O62 -> 1 | V7: =I122 -> 1 | W7: =C82 -> -1 | Y7: =L62 -> 0 | Z7: =R102 -> 1 | AA7: =SUMIF(U7:Z7, ">0") -> 3 | AB7: =X10 -> 1 | AC7: =AA7 -> 3 | AD7: =AB7-AC7+(0.01*AD17)+(0.001*AD27) -> -2.123 | AE7: =T7 -> Daniel | AG7: -1.152 | AH7: Judith
H8: Berend | L8: Match 6 | M8: =I25 -> Mittens | N8: =K25 -> Tjeard | O8: =if(AND(I41 = 0, L41 = 0), "Pending", "") | T8: =H12 -> Frank | U8: =O122 -> 1 | V8: =C62 -> -1 | W8: =O42 -> 1 | X8: =I62 -> 0 | Z8: =C102 -> 1 | AA8: =SUMIF(U8:Z8, ">0") -> 3 | AB8: =Y10 -> 1 | AC8: =AA8 -> 3 | AD8: =AB8-AC8+(0.01*AD18)+(0.001*AD28) -> -2.12 | AE8: =T8 -> Frank | AG8: -2.12 | AH8: Frank
H9: Judith | L9: Match 7 | M9: =I45 -> Daniel | N9: =K45 -> Frank | O9: =if(AND(I61 = 0, L61 = 0), "Pending", "") | T9: =H13 -> Mittens | U9: =F42 -> 1 | V9: =I82 -> 1 | W9: =L42 -> 1 | X9: =O102 -> -1 | Y9: =F102 -> -1 | AA9: =SUMIF(U9:Z9, ">0") -> 3 | AB9: =Z10 -> 2 | AC9: =AA9 -> 3 | AD9: =AB9-AC9+(0.01*AD19)+(0.001*AD29) -> -1.068 | AE9: =T9 -> Mittens | AG9: -2.123 | AH9: Daniel
H10: Tjeard | L10: Match 8 | M10: =I65 -> Judith | N10: =K65 -> Mittens | O10: =if(AND(I81 = 0, L81 = 0), "Pending", "") | T10: Matches Won | U10: =SUMIF(U4:U9, ">0" ,U4:U9) -> 4 | V10: =SUMIF(V4:V9, ">0" ,V4:V9) -> 2 | W10: =SUMIF(W4:W9, ">0" ,W4:W9) -> 4 | X10: =SUMIF(X4:X9, ">0" ,X4:X9) -> 1 | Y10: =SUMIF(Y4:Y9, ">0" ,Y4:Y9) -> 1 | Z10: =SUMIF(Z4:Z9, ">0" ,Z4:Z9) -> 2
H11: Daniel | L11: Match 9 | M11: =I85 -> Berend | N11: =K85 -> Tjeard | O11: =if(AND(I101 = 0, L101 = 0), "Pending", "") | U11: =U3 -> Berend | V11: =V3 -> Judith | W11: =W3 -> Tjeard | X11: =X3 -> Daniel | Y11: =Y3 -> Frank | Z11: =Z3 -> Mittens
H12: Frank | L12: Match 10 | M12: =I105 -> Judith | N12: =K105 -> Daniel | O12: =if(AND(I121 = 0, L121 = 0), "Pending", "")
H13: Mittens | L13: Match 11 | M13: =O25 -> Tjeard | N13: =Q25 -> Frank | O13: =if(AND(O41 = 0, R41 = 0), "Pending", "") | T13: Doubles | U13: =T14 -> Berend | V13: =T15 -> Judith | W13: =T16 -> Tjeard | X13: =T17 -> Daniel | Y13: =T18 -> Frank | Z13: =T19 -> Mittens | AA13: Doubles | AD13: Total | AG13: ORDER | AI13: BY POINTS
L14: Match 12 | M14: =O45 -> Berend | N14: =Q45 -> Daniel | O14: =if(AND(O61 = 0, R61 = 0), "Pending", "") | T14: =H8 -> Berend | V14: =E121 -> 2 | W14: =K101 -> 7 | X14: =Q61 -> 2 | Y14: =Q121 -> 1 | Z14: =D41 -> 5 | AA14: =SUMIF(U14:Z14, ">0") -> 17 | AD14: =-AA14 -> -17 | AE14: =T14 -> Berend | AG14: {=SORT(AD14:AE19, 1, FALSE)} -> -9 | AH14: Frank | AI14: Classify
L15: Match 13 | M15: =O65 -> Judith | N15: =Q65 -> Tjeard | O15: =if(AND(O81 = 0, R81 = 0), "Pending", "") | T15: =H9 -> Judith | U15: =D121 -> 2 | W15: =Q81 -> 3 | X15: =K121 -> 5 | Y15: =E61 -> 4 | Z15: =K81 -> 0 | AA15: =SUMIF(U15:Z15, ">0") -> 14 | AD15: =-AA15 -> -14 | AE15: =T15 -> Judith | AG15: -9 | AH15: Mittens | AI15: Classify
L16: Match 14 | M16: =O85 -> Daniel | N16: =Q85 -> Mittens | O16: =if(AND(O101 = 0, R101 = 0), "Pending", "") | T16: =H10 -> Tjeard | U16: =J101 -> 7 | V16: =P81 -> 3 | X16: =E81 -> 3 | Y16: =Q41 -> 2 | Z16: =J41 -> 3 | AA16: =SUMIF(U16:Z16, ">0") -> 18 | AD16: =-AA16 -> -18 | AE16: =T16 -> Tjeard | AG16: -11 | AH16: Daniel | AI16: TBC
L17: Match 15 | M17: =O105 -> Berend | N17: =Q105 -> Frank | O17: =if(AND(O121 = 0, R121 = 0), "Pending", "") | T17: =H11 -> Daniel | U17: =P61 -> 2 | V17: =J121 -> 5 | W17: =D81 -> 3 | Y17: =K61 -> 1 | Z17: =Q101 -> 0 | AA17: =SUMIF(U17:Z17, ">0") -> 11 | AD17: =-AA17 -> -11 | AE17: =T17 -> Daniel | AG17: -14 | AH17: Judith
T18: =H12 -> Frank | U18: =P121 -> 1 | V18: =D61 -> 4 | W18: =P41 -> 2 | X18: =J61 -> 1 | Z18: =D101 -> 1 | AA18: =SUMIF(U18:Z18, ">0") -> 9 | AD18: =-AA18 -> -9 | AE18: =T18 -> Frank | AG18: -17 | AH18: Berend
T19: =H13 -> Mittens | U19: =E41 -> 5 | V19: =J81 -> 0 | W19: =K41 -> 3 | X19: =P101 -> 0 | Y19: =E101 -> 1 | AA19: =SUMIF(U19:Z19, ">0") -> 9 | AD19: =-AA19 -> -9 | AE19: =T19 -> Mittens | AG19: -18 | AH19: Tjeard
T20: Doubles | U20: =SUM(U14:U19) -> 17 | V20: =SUM(V14:V19) -> 14 | W20: =SUM(W14:W19) -> 18 | X20: =SUM(X14:X19) -> 11 | Y20: =SUM(Y14:Y19) -> 9 | Z20: =SUM(Z14:Z19) -> 9
U21: =U13 -> Berend | V21: =V13 -> Judith | W21: =W13 -> Tjeard | X21: =X13 -> Daniel | Y21: =Y13 -> Frank | Z21: =Z13 -> Mittens
AD22: 50
D23: INPUT | J23: INPUT | P23: INPUT | T23: POINTS | U23: =T24 -> Berend | V23: =T25 -> Judith | W23: =T26 -> Tjeard | X23: =T27 -> Daniel | Y23: =T28 -> Frank | Z23: =T29 -> Mittens | AA23: Points Lost | AB23: Won | AC23: Lost | AD23: Total | AG23: ORDER | AI23: BY POINTS
T24: =H8 -> Berend | V24: =F121 -> 8 | W24: =L101 -> 6 | X24: =R61 -> 7 | Y24: =R121 -> 7 | Z24: =C41 -> 5 | AA24: =SUMIF(U24:Z24, ">0") -> 33 | AB24: =U30 -> 57 | AC24: =AA24 -> 33 | AD24: =AB24-AC24 -> 24 | AE24: =T24 -> Berend | AG24: {=SORT(AD24:AE29, 1, FALSE)} -> 24 | AH24: Berend | AI24: Classify
B25: Match 1 | C25: =T19 -> Mittens | E25: =T14 -> Berend | H25: Match 6 | I25: =T19 -> Mittens | K25: =T16 -> Tjeard | N25: Match 11 | O25: =T16 -> Tjeard | Q25: =T18 -> Frank | T25: =H9 -> Judith | U25: =C121 -> 14 | W25: =R81 -> 11 | X25: =L121 -> 7 | Y25: =F61 -> 10 | Z25: =L81 -> 12 | AA25: =SUMIF(U25:Z25, ">0") -> 54 | AB25: =V30 -> 42 | AC25: =AA25 -> 54 | AD25: =AB25-AC25 -> -12 | AE25: =T25 -> Judith | AG25: 22 | AH25: Mittens | AI25: Classify
B26: Exchange 1 | C26: =IF(AND(D26>0,E26>0), 0, D26) | E26: 2 | F26: =IF(AND(D26>0,E26>0), 0, E26) -> 2 | H26: Exchange 1 | I26: =IF(AND(J26>0,K26>0), 0, J26) -> 0 | J26: 2 | K26: 3 | L26: =IF(AND(J26>0,K26>0), 0, K26) -> 0 | N26: Exchange 1 | O26: =IF(AND(P26>0,Q26>0), 0, P26) -> 1 | P26: 1 | R26: =IF(AND(P26>0,Q26>0), 0, Q26) | T26: =H10 -> Tjeard | U26: =I101 -> 5 | V26: =O81 -> 3 | X26: =F81 -> 15 | Y26: =R41 -> 7 | Z26: =I41 -> 10 | AA26: =SUMIF(U26:Z26, ">0") -> 40 | AB26: =W30 -> 49 | AC26: =AA26 -> 40 | AD26: =AB26-AC26 -> 9 | AE26: =T26 -> Tjeard | AG26: 9 | AH26: Tjeard | AI26: TBC
B27: Exchange 2 | C27: =IF(AND(D27>0,E27>0), 0, D27) -> 0 | D27: 3 | E27: 2 | F27: =IF(AND(D27>0,E27>0), 0, E27) -> 0 | H27: Exchange 2 | I27: =IF(AND(J27>0,K27>0), 0, J27) -> 0 | J27: 3 | K27: 2 | L27: =IF(AND(J27>0,K27>0), 0, K27) -> 0 | N27: Exchange 2 | O27: =IF(AND(P27>0,Q27>0), 0, P27) -> 0 | P27: 3 | Q27: 2 | R27: =IF(AND(P27>0,Q27>0), 0, Q27) -> 0 | T27: =H11 -> Daniel | U27: =O61 -> 13 | V27: =I121 -> 10 | W27: =C81 -> 7 | Y27: =L61 -> 9 | Z27: =R101 -> 16 | AA27: =SUMIF(U27:Z27, ">0") -> 55 | AB27: =X30 -> 42 | AC27: =AA27 -> 55 | AD27: =AB27-AC27 -> -13 | AE27: =T27 -> Daniel | AG27: -12 | AH27: Judith
B28: Exchange 3 | C28: =IF(AND(D28>0,E28>0), 0, D28) -> 0 | D28: 3 | E28: 2 | F28: =IF(AND(D28>0,E28>0), 0, E28) -> 0 | H28: Exchange 3 | I28: =IF(AND(J28>0,K28>0), 0, J28) | K28: 3 | L28: =IF(AND(J28>0,K28>0), 0, K28) -> 3 | N28: Exchange 3 | O28: =IF(AND(P28>0,Q28>0), 0, P28) | Q28: 3 | R28: =IF(AND(P28>0,Q28>0), 0, Q28) -> 3 | T28: =H12 -> Frank | U28: =O121 -> 16 | V28: =C61 -> 8 | W28: =O41 -> 14 | X28: =I61 -> 9 | Z28: =C101 -> 18 | AA28: =SUMIF(U28:Z28, ">0") -> 65 | AB28: =Y30 -> 35 | AC28: =AA28 -> 65 | AD28: =AB28-AC28 -> -30 | AE28: =T28 -> Frank | AG28: -13 | AH28: Daniel
B29: Exchange 4 | C29: =IF(AND(D29>0,E29>0), 0, D29) -> 2 | D29: 2 | F29: =IF(AND(D29>0,E29>0), 0, E29) | H29: Exchange 4 | I29: =IF(AND(J29>0,K29>0), 0, J29) | K29: 3 | L29: =IF(AND(J29>0,K29>0), 0, K29) -> 3 | N29: Exchange 4 | O29: =IF(AND(P29>0,Q29>0), 0, P29) | Q29: 2 | R29: =IF(AND(P29>0,Q29>0), 0, Q29) -> 2 | T29: =H13 -> Mittens | U29: =F41 -> 9 | V29: =I81 -> 13 | W29: =L41 -> 11 | X29: =O101 -> 4 | Y29: =F101 -> 2 | AA29: =SUMIF(U29:Z29, ">0") -> 39 | AB29: =Z30 -> 61 | AC29: =AA29 -> 39 | AD29: =AB29-AC29 -> 22 | AE29: =T29 -> Mittens | AG29: -30 | AH29: Frank
B30: Exchange 5 | C30: =IF(AND(D30>0,E30>0), 0, D30) -> 0 | D30: 2 | E30: 2 | F30: =IF(AND(D30>0,E30>0), 0, E30) -> 0 | H30: Exchange 5 | I30: =IF(AND(J30>0,K30>0), 0, J30) -> 2 | J30: 2 | L30: =IF(AND(J30>0,K30>0), 0, K30) | N30: Exchange 5 | O30: =IF(AND(P30>0,Q30>0), 0, P30) | Q30: 2 | R30: =IF(AND(P30>0,Q30>0), 0, Q30) -> 2 | T30: Points Won | U30: =SUM(U24:U29) -> 57 | V30: =SUM(V24:V29) -> 42 | W30: =SUM(W24:W29) -> 49 | X30: =SUM(X24:X29) -> 42 | Y30: =SUM(Y24:Y29) -> 35 | Z30: =SUM(Z24:Z29) -> 61
B31: Exchange 6 | C31: =IF(AND(D31>0,E31>0), 0, D31) | E31: 3 | F31: =IF(AND(D31>0,E31>0), 0, E31) -> 3 | H31: Exchange 6 | I31: =IF(AND(J31>0,K31>0), 0, J31) | K31: 3 | L31: =IF(AND(J31>0,K31>0), 0, K31) -> 3 | N31: Exchange 6 | O31: =IF(AND(P31>0,Q31>0), 0, P31) -> 0 | P31: 3 | Q31: 2 | R31: =IF(AND(P31>0,Q31>0), 0, Q31) -> 0 | U31: =U23 -> Berend | V31: =V23 -> Judith | W31: =W23 -> Tjeard | X31: =X23 -> Daniel | Y31: =Y23 -> Frank | Z31: =Z23 -> Mittens
B32: Exchange 7 | C32: =IF(AND(D32>0,E32>0), 0, D32) | E32: 2 | F32: =IF(AND(D32>0,E32>0), 0, E32) -> 2 | H32: Exchange 7 | I32: =IF(AND(J32>0,K32>0), 0, J32) -> 3 | J32: 3 | L32: =IF(AND(J32>0,K32>0), 0, K32) | N32: Exchange 7 | O32: =IF(AND(P32>0,Q32>0), 0, P32) -> 2 | P32: 2 | R32: =IF(AND(P32>0,Q32>0), 0, Q32)
B33: Exchange 8 | C33: =IF(AND(D33>0,E33>0), 0, D33) | E33: 2 | F33: =IF(AND(D33>0,E33>0), 0, E33) -> 2 | H33: Exchange 8 | I33: =IF(AND(J33>0,K33>0), 0, J33) -> 0 | J33: 3 | K33: 2 | L33: =IF(AND(J33>0,K33>0), 0, K33) -> 0 | N33: Exchange 8 | O33: =IF(AND(P33>0,Q33>0), 0, P33) -> 3 | P33: 3 | R33: =IF(AND(P33>0,Q33>0), 0, Q33)
B34: Exchange 9 | C34: =IF(AND(D34>0,E34>0), 0, D34) -> 3 | D34: 3 | F34: =IF(AND(D34>0,E34>0), 0, E34) | H34: Exchange 9 | I34: =IF(AND(J34>0,K34>0), 0, J34) -> 3 | J34: 3 | L34: =IF(AND(J34>0,K34>0), 0, K34) | N34: Exchange 9 | O34: =IF(AND(P34>0,Q34>0), 0, P34) -> 3 | P34: 3 | R34: =IF(AND(P34>0,Q34>0), 0, Q34)
B35: Exchange 10 | C35: =IF(AND(D35>0,E35>0), 0, D35) -> 0 | D35: 2 | E35: 3 | F35: =IF(AND(D35>0,E35>0), 0, E35) -> 0 | H35: Exchange 10 | I35: =IF(AND(J35>0,K35>0), 0, J35) | K35: 2 | L35: =IF(AND(J35>0,K35>0), 0, K35) -> 2 | N35: Exchange 10 | O35: =IF(AND(P35>0,Q35>0), 0, P35) -> 2 | P35: 2 | R35: =IF(AND(P35>0,Q35>0), 0, Q35)
B36: Exchange 11 | C36: =IF(AND(D36>0,E36>0), 0, D36) -> 0 | D36: 2 | E36: 2 | F36: =IF(AND(D36>0,E36>0), 0, E36) -> 0 | H36: Exchange 11 | I36: =IF(AND(J36>0,K36>0), 0, J36) -> 2 | J36: 2 | L36: =IF(AND(J36>0,K36>0), 0, K36) | N36: Exchange 11 | O36: =IF(AND(P36>0,Q36>0), 0, P36) -> 3 | P36: 3 | R36: =IF(AND(P36>0,Q36>0), 0, Q36)
B37: Exchange 12 | C37: =IF(AND(D37>0,E37>0), 0, D37) | F37: =IF(AND(D37>0,E37>0), 0, E37) | H37: Exchange 12 | I37: =IF(AND(J37>0,K37>0), 0, J37) | L37: =IF(AND(J37>0,K37>0), 0, K37) | N37: Exchange 12 | O37: =IF(AND(P37>0,Q37>0), 0, P37) | R37: =IF(AND(P37>0,Q37>0), 0, Q37)
B38: Exchange 13 | C38: =IF(AND(D38>0,E38>0), 0, D38) | F38: =IF(AND(D38>0,E38>0), 0, E38) | H38: Exchange 13 | I38: =IF(AND(J38>0,K38>0), 0, J38) | L38: =IF(AND(J38>0,K38>0), 0, K38) | N38: Exchange 13 | O38: =IF(AND(P38>0,Q38>0), 0, P38) | R38: =IF(AND(P38>0,Q38>0), 0, Q38)
B39: Exchange 14 | C39: =IF(AND(D39>0,E39>0), 0, D39) | F39: =IF(AND(D39>0,E39>0), 0, E39) | H39: Exchange 14 | I39: =IF(AND(J39>0,K39>0), 0, J39) | L39: =IF(AND(J39>0,K39>0), 0, K39) | N39: Exchange 14 | O39: =IF(AND(P39>0,Q39>0), 0, P39) | R39: =IF(AND(P39>0,Q39>0), 0, Q39)
B40: Exchange 15 | C40: =IF(AND(D40>0,E40>0), 0, D40) | F40: =IF(AND(D40>0,E40>0), 0, E40) | H40: Exchange 15 | I40: =IF(AND(J40>0,K40>0), 0, J40) | L40: =IF(AND(J40>0,K40>0), 0, K40) | N40: Exchange 15 | O40: =IF(AND(P40>0,Q40>0), 0, P40) | R40: =IF(AND(P40>0,Q40>0), 0, Q40)
B41: Won Points | C41: =SUM(C26:C40) -> 5 | D41: =COUNTIFS(D26:D40, "<>0", D26:D40, "<>", E26:E40, "<>0", E26:E40, "<>") -> 5 | E41: =COUNTIFS(D26:D40, "<>0", D26:D40, "<>", E26:E40, "<>0", E26:E40, "<>") -> 5 | F41: =SUM(F26:F40) -> 9 | H41: Won Points | I41: =SUM(I26:I40) -> 10 | J41: =COUNTIFS(J26:J40, "<>0", J26:J40, "<>", K26:K40, "<>0", K26:K40, "<>") -> 3 | K41: =COUNTIFS(J26:J40, "<>0", J26:J40, "<>", K26:K40, "<>0", K26:K40, "<>") -> 3 | L41: =SUM(L26:L40) -> 11 | N41: Won Points | O41: =SUM(O26:O40) -> 14 | P41: =COUNTIFS(P26:P40, "<>0", P26:P40, "<>", Q26:Q40, "<>0", Q26:Q40, "<>") -> 2 | Q41: =COUNTIFS(P26:P40, "<>0", P26:P40, "<>", Q26:Q40, "<>0", Q26:Q40, "<>") -> 2 | R41: =SUM(R26:R40) -> 7
B42: Won Match | C42: =D42 -> -1 | D42: =IF(C41>F41, 1, (IF(C41=F41, 0, -1))) -> -1 | E42: =IF(F41>C41, 1, (IF(F41=C41, 0, -1))) -> 1 | F42: =E42 -> 1 | H42: Won Match | I42: =J42 -> -1 | J42: =IF(I41>L41, 1, (IF(I41=L41, 0, -1))) -> -1 | K42: =IF(L41>I41, 1, (IF(L41=I41, 0, -1))) -> 1 | L42: =K42 -> 1 | N42: Won Match | O42: =P42 -> 1 | P42: =IF(O41>R41, 1, (IF(O41=R41, 0, -1))) -> 1 | Q42: =IF(R41>O41, 1, (IF(R41=O41, 0, -1))) -> -1 | R42: =Q42 -> -1
B45: Match 2 | C45: =T15 -> Judith | E45: =T18 -> Frank | H45: Match 7 | I45: =T17 -> Daniel | K45: =T18 -> Frank | N45: Match 12 | O45: =T14 -> Berend | Q45: =T17 -> Daniel
B46: Exchange 1 | C46: =IF(AND(D46>0,E46>0), 0, D46) | E46: 2 | F46: =IF(AND(D46>0,E46>0), 0, E46) -> 2 | H46: Exchange 1 | I46: =IF(AND(J46>0,K46>0), 0, J46) | K46: 2 | L46: =IF(AND(J46>0,K46>0), 0, K46) -> 2 | N46: Exchange 1 | O46: =IF(AND(P46>0,Q46>0), 0, P46) | Q46: 2 | R46: =IF(AND(P46>0,Q46>0), 0, Q46) -> 2
B47: Exchange 2 | C47: =IF(AND(D47>0,E47>0), 0, D47) -> 2 | D47: 2 | F47: =IF(AND(D47>0,E47>0), 0, E47) | H47: Exchange 2 | I47: =IF(AND(J47>0,K47>0), 0, J47) -> 2 | J47: 2 | L47: =IF(AND(J47>0,K47>0), 0, K47) | N47: Exchange 2 | O47: =IF(AND(P47>0,Q47>0), 0, P47) -> 2 | P47: 2 | R47: =IF(AND(P47>0,Q47>0), 0, Q47)
B48: Exchange 3 | C48: =IF(AND(D48>0,E48>0), 0, D48) | E48: 3 | F48: =IF(AND(D48>0,E48>0), 0, E48) -> 3 | H48: Exchange 3 | I48: =IF(AND(J48>0,K48>0), 0, J48) -> 0 | J48: 3 | K48: 2 | L48: =IF(AND(J48>0,K48>0), 0, K48) -> 0 | N48: Exchange 3 | O48: =IF(AND(P48>0,Q48>0), 0, P48) -> 2 | P48: 2 | R48: =IF(AND(P48>0,Q48>0), 0, Q48)
B49: Exchange 4 | C49: =IF(AND(D49>0,E49>0), 0, D49) -> 3 | D49: 3 | F49: =IF(AND(D49>0,E49>0), 0, E49) | H49: Exchange 4 | I49: =IF(AND(J49>0,K49>0), 0, J49) -> 2 | J49: 2 | L49: =IF(AND(J49>0,K49>0), 0, K49) | N49: Exchange 4 | O49: =IF(AND(P49>0,Q49>0), 0, P49) -> 2 | P49: 2 | R49: =IF(AND(P49>0,Q49>0), 0, Q49)
B50: Exchange 5 | C50: =IF(AND(D50>0,E50>0), 0, D50) -> 3 | D50: 3 | F50: =IF(AND(D50>0,E50>0), 0, E50) | H50: Exchange 5 | I50: =IF(AND(J50>0,K50>0), 0, J50) | K50: 2 | L50: =IF(AND(J50>0,K50>0), 0, K50) -> 2 | N50: Exchange 5 | O50: =IF(AND(P50>0,Q50>0), 0, P50) -> 2 | P50: 2 | R50: =IF(AND(P50>0,Q50>0), 0, Q50)
B51: Exchange 6 | C51: =IF(AND(D51>0,E51>0), 0, D51) | E51: 3 | F51: =IF(AND(D51>0,E51>0), 0, E51) -> 3 | H51: Exchange 6 | I51: =IF(AND(J51>0,K51>0), 0, J51) | K51: 3 | L51: =IF(AND(J51>0,K51>0), 0, K51) -> 3 | N51: Exchange 6 | O51: =IF(AND(P51>0,Q51>0), 0, P51) -> 0 | P51: 3 | Q51: 2 | R51: =IF(AND(P51>0,Q51>0), 0, Q51) -> 0
B52: Exchange 7 | C52: =IF(AND(D52>0,E52>0), 0, D52) -> 0 | D52: 2 | E52: 2 | F52: =IF(AND(D52>0,E52>0), 0, E52) -> 0 | H52: Exchange 7 | I52: =IF(AND(J52>0,K52>0), 0, J52) | K52: 2 | L52: =IF(AND(J52>0,K52>0), 0, K52) -> 2 | N52: Exchange 7 | O52: =IF(AND(P52>0,Q52>0), 0, P52) | Q52: 2 | R52: =IF(AND(P52>0,Q52>0), 0, Q52) -> 2
B53: Exchange 8 | C53: =IF(AND(D53>0,E53>0), 0, D53) -> 0 | D53: 2 | E53: 2 | F53: =IF(AND(D53>0,E53>0), 0, E53) -> 0 | H53: Exchange 8 | I53: =IF(AND(J53>0,K53>0), 0, J53) -> 3 | J53: 3 | L53: =IF(AND(J53>0,K53>0), 0, K53) | N53: Exchange 8 | O53: =IF(AND(P53>0,Q53>0), 0, P53) | Q53: 3 | R53: =IF(AND(P53>0,Q53>0), 0, Q53) -> 3
B54: Exchange 9 | C54: =IF(AND(D54>0,E54>0), 0, D54) -> 0 | D54: 3 | E54: 3 | F54: =IF(AND(D54>0,E54>0), 0, E54) -> 0 | H54: Exchange 9 | I54: =IF(AND(J54>0,K54>0), 0, J54) -> 2 | J54: 2 | L54: =IF(AND(J54>0,K54>0), 0, K54) | N54: Exchange 9 | O54: =IF(AND(P54>0,Q54>0), 0, P54) -> 2 | P54: 2 | R54: =IF(AND(P54>0,Q54>0), 0, Q54)
B55: Exchange 10 | C55: =IF(AND(D55>0,E55>0), 0, D55) | E55: 2 | F55: =IF(AND(D55>0,E55>0), 0, E55) -> 2 | H55: Exchange 10 | I55: =IF(AND(J55>0,K55>0), 0, J55) | L55: =IF(AND(J55>0,K55>0), 0, K55) | N55: Exchange 10 | O55: =IF(AND(P55>0,Q55>0), 0, P55) -> 3 | P55: 3 | R55: =IF(AND(P55>0,Q55>0), 0, Q55)
B56: Exchange 11 | C56: =IF(AND(D56>0,E56>0), 0, D56) -> 0 | D56: 3 | E56: 2 | F56: =IF(AND(D56>0,E56>0), 0, E56) -> 0 | H56: Exchange 11 | I56: =IF(AND(J56>0,K56>0), 0, J56) | L56: =IF(AND(J56>0,K56>0), 0, K56) | N56: Exchange 11 | O56: =IF(AND(P56>0,Q56>0), 0, P56) -> 0 | P56: 3 | Q56: 3 | R56: =IF(AND(P56>0,Q56>0), 0, Q56) -> 0
B57: Exchange 12 | C57: =IF(AND(D57>0,E57>0), 0, D57) | F57: =IF(AND(D57>0,E57>0), 0, E57) | H57: Exchange 12 | I57: =IF(AND(J57>0,K57>0), 0, J57) | L57: =IF(AND(J57>0,K57>0), 0, K57) | N57: Exchange 12 | O57: =IF(AND(P57>0,Q57>0), 0, P57) | R57: =IF(AND(P57>0,Q57>0), 0, Q57)
B58: Exchange 13 | C58: =IF(AND(D58>0,E58>0), 0, D58) | F58: =IF(AND(D58>0,E58>0), 0, E58) | H58: Exchange 13 | I58: =IF(AND(J58>0,K58>0), 0, J58) | L58: =IF(AND(J58>0,K58>0), 0, K58) | N58: Exchange 13 | O58: =IF(AND(P58>0,Q58>0), 0, P58) | R58: =IF(AND(P58>0,Q58>0), 0, Q58)
B59: Exchange 14 | C59: =IF(AND(D59>0,E59>0), 0, D59) | F59: =IF(AND(D59>0,E59>0), 0, E59) | H59: Exchange 14 | I59: =IF(AND(J59>0,K59>0), 0, J59) | L59: =IF(AND(J59>0,K59>0), 0, K59) | N59: Exchange 14 | O59: =IF(AND(P59>0,Q59>0), 0, P59) | R59: =IF(AND(P59>0,Q59>0), 0, Q59)
B60: Exchange 15 | C60: =IF(AND(D60>0,E60>0), 0, D60) | F60: =IF(AND(D60>0,E60>0), 0, E60) | H60: Exchange 15 | I60: =IF(AND(J60>0,K60>0), 0, J60) | L60: =IF(AND(J60>0,K60>0), 0, K60) | N60: Exchange 15 | O60: =IF(AND(P60>0,Q60>0), 0, P60) | R60: =IF(AND(P60>0,Q60>0), 0, Q60)
B61: Won Points | C61: =SUM(C46:C60) -> 8 | D61: =COUNTIFS(D46:D60, "<>0", D46:D60, "<>", E46:E60, "<>0", E46:E60, "<>") -> 4 | E61: =COUNTIFS(D46:D60, "<>0", D46:D60, "<>", E46:E60, "<>0", E46:E60, "<>") -> 4 | F61: =SUM(F46:F60) -> 10 | H61: Won Points | I61: =SUM(I46:I60) -> 9 | J61: =COUNTIFS(J46:J60, "<>0", J46:J60, "<>", K46:K60, "<>0", K46:K60, "<>") -> 1 | K61: =COUNTIFS(J46:J60, "<>0", J46:J60, "<>", K46:K60, "<>0", K46:K60, "<>") -> 1 | L61: =SUM(L46:L60) -> 9 | N61: Won Points | O61: =SUM(O46:O60) -> 13 | P61: =COUNTIFS(P46:P60, "<>0", P46:P60, "<>", Q46:Q60, "<>0", Q46:Q60, "<>") -> 2 | Q61: =COUNTIFS(P46:P60, "<>0", P46:P60, "<>", Q46:Q60, "<>0", Q46:Q60, "<>") -> 2 | R61: =SUM(R46:R60) -> 7
B62: Won Match | C62: =D62 -> -1 | D62: =IF(C61>F61, 1, (IF(C61=F61, 0, -1))) -> -1 | E62: =IF(F61>C61, 1, (IF(F61=C61, 0, -1))) -> 1 | F62: =E62 -> 1 | H62: Won Match | I62: =J62 -> 0 | J62: =IF(I61>L61, 1, (IF(I61=L61, 0, -1))) -> 0 | K62: =IF(L61>I61, 1, (IF(L61=I61, 0, -1))) -> 0 | L62: =K62 -> 0 | N62: Won Match | O62: =P62 -> 1 | P62: =IF(O61>R61, 1, (IF(O61=R61, 0, -1))) -> 1 | Q62: =IF(R61>O61, 1, (IF(R61=O61, 0, -1))) -> -1 | R62: =Q62 -> -1
B65: Match 3 | C65: =T16 -> Tjeard | E65: =T17 -> Daniel | H65: Match 8 | I65: =T15 -> Judith | K65: =T19 -> Mittens | N65: Match 13 | O65: =T15 -> Judith | Q65: =T16 -> Tjeard
B66: Exchange 1 | C66: =IF(AND(D66>0,E66>0), 0, D66) -> 0 | D66: 3 | E66: 2 | F66: =IF(AND(D66>0,E66>0), 0, E66) -> 0 | H66: Exchange 1 | I66: =IF(AND(J66>0,K66>0), 0, J66) -> 3 | J66: 3 | L66: =IF(AND(J66>0,K66>0), 0, K66) | N66: Exchange 1 | O66: =IF(AND(P66>0,Q66>0), 0, P66) -> 0 | P66: 3 | Q66: 3 | R66: =IF(AND(P66>0,Q66>0), 0, Q66) -> 0
B67: Exchange 2 | C67: =IF(AND(D67>0,E67>0), 0, D67) | E67: 2 | F67: =IF(AND(D67>0,E67>0), 0, E67) -> 2 | H67: Exchange 2 | I67: =IF(AND(J67>0,K67>0), 0, J67) | K67: 3 | L67: =IF(AND(J67>0,K67>0), 0, K67) -> 3 | N67: Exchange 2 | O67: =IF(AND(P67>0,Q67>0), 0, P67) | Q67: 3 | R67: =IF(AND(P67>0,Q67>0), 0, Q67) -> 3
B68: Exchange 3 | C68: =IF(AND(D68>0,E68>0), 0, D68) -> 0 | D68: 3 | E68: 2 | F68: =IF(AND(D68>0,E68>0), 0, E68) -> 0 | H68: Exchange 3 | I68: =IF(AND(J68>0,K68>0), 0, J68) -> 2 | J68: 2 | L68: =IF(AND(J68>0,K68>0), 0, K68) | N68: Exchange 3 | O68: =IF(AND(P68>0,Q68>0), 0, P68) | Q68: 2 | R68: =IF(AND(P68>0,Q68>0), 0, Q68) -> 2
B69: Exchange 4 | C69: =IF(AND(D69>0,E69>0), 0, D69) -> 2 | D69: 2 | F69: =IF(AND(D69>0,E69>0), 0, E69) | H69: Exchange 4 | I69: =IF(AND(J69>0,K69>0), 0, J69) | K69: 2 | L69: =IF(AND(J69>0,K69>0), 0, K69) -> 2 | N69: Exchange 4 | O69: =IF(AND(P69>0,Q69>0), 0, P69) -> 0 | P69: 3 | Q69: 3 | R69: =IF(AND(P69>0,Q69>0), 0, Q69) -> 0
B70: Exchange 5 | C70: =IF(AND(D70>0,E70>0), 0, D70) -> 2 | D70: 2 | F70: =IF(AND(D70>0,E70>0), 0, E70) | H70: Exchange 5 | I70: =IF(AND(J70>0,K70>0), 0, J70) -> 2 | J70: 2 | L70: =IF(AND(J70>0,K70>0), 0, K70) | N70: Exchange 5 | O70: =IF(AND(P70>0,Q70>0), 0, P70) | Q70: 2 | R70: =IF(AND(P70>0,Q70>0), 0, Q70) -> 2
B71: Exchange 6 | C71: =IF(AND(D71>0,E71>0), 0, D71) | E71: 3 | F71: =IF(AND(D71>0,E71>0), 0, E71) -> 3 | H71: Exchange 6 | I71: =IF(AND(J71>0,K71>0), 0, J71) | K71: 3 | L71: =IF(AND(J71>0,K71>0), 0, K71) -> 3 | N71: Exchange 6 | O71: =IF(AND(P71>0,Q71>0), 0, P71) | Q71: 2 | R71: =IF(AND(P71>0,Q71>0), 0, Q71) -> 2
B72: Exchange 7 | C72: =IF(AND(D72>0,E72>0), 0, D72) -> 3 | D72: 3 | F72: =IF(AND(D72>0,E72>0), 0, E72) | H72: Exchange 7 | I72: =IF(AND(J72>0,K72>0), 0, J72) | K72: 2 | L72: =IF(AND(J72>0,K72>0), 0, K72) -> 2 | N72: Exchange 7 | O72: =IF(AND(P72>0,Q72>0), 0, P72) -> 3 | P72: 3 | R72: =IF(AND(P72>0,Q72>0), 0, Q72)
B73: Exchange 8 | C73: =IF(AND(D73>0,E73>0), 0, D73) -> 0 | D73: 3 | E73: 3 | F73: =IF(AND(D73>0,E73>0), 0, E73) -> 0 | H73: Exchange 8 | I73: =IF(AND(J73>0,K73>0), 0, J73) -> 3 | J73: 3 | L73: =IF(AND(J73>0,K73>0), 0, K73) | N73: Exchange 8 | O73: =IF(AND(P73>0,Q73>0), 0, P73) -> 0 | P73: 2 | Q73: 2 | R73: =IF(AND(P73>0,Q73>0), 0, Q73) -> 0
B74: Exchange 9 | C74: =IF(AND(D74>0,E74>0), 0, D74) | E74: 2 | F74: =IF(AND(D74>0,E74>0), 0, E74) -> 2 | H74: Exchange 9 | I74: =IF(AND(J74>0,K74>0), 0, J74) | K74: 2 | L74: =IF(AND(J74>0,K74>0), 0, K74) -> 2 | N74: Exchange 9 | O74: =IF(AND(P74>0,Q74>0), 0, P74) | Q74: 2 | R74: =IF(AND(P74>0,Q74>0), 0, Q74) -> 2
B75: Exchange 10 | C75: =IF(AND(D75>0,E75>0), 0, D75) | E75: 3 | F75: =IF(AND(D75>0,E75>0), 0, E75) -> 3 | H75: Exchange 10 | I75: =IF(AND(J75>0,K75>0), 0, J75) -> 3 | J75: 3 | L75: =IF(AND(J75>0,K75>0), 0, K75) | N75: Exchange 10 | O75: =IF(AND(P75>0,Q75>0), 0, P75) | R75: =IF(AND(P75>0,Q75>0), 0, Q75)
B76: Exchange 11 | C76: =IF(AND(D76>0,E76>0), 0, D76) | E76: 2 | F76: =IF(AND(D76>0,E76>0), 0, E76) -> 2 | H76: Exchange 11 | I76: =IF(AND(J76>0,K76>0), 0, J76) | L76: =IF(AND(J76>0,K76>0), 0, K76) | N76: Exchange 11 | O76: =IF(AND(P76>0,Q76>0), 0, P76) | R76: =IF(AND(P76>0,Q76>0), 0, Q76)
B77: Exchange 12 | C77: =IF(AND(D77>0,E77>0), 0, D77) | E77: 3 | F77: =IF(AND(D77>0,E77>0), 0, E77) -> 3 | H77: Exchange 12 | I77: =IF(AND(J77>0,K77>0), 0, J77) | L77: =IF(AND(J77>0,K77>0), 0, K77) | N77: Exchange 12 | O77: =IF(AND(P77>0,Q77>0), 0, P77) | R77: =IF(AND(P77>0,Q77>0), 0, Q77)
B78: Exchange 13 | C78: =IF(AND(D78>0,E78>0), 0, D78) | F78: =IF(AND(D78>0,E78>0), 0, E78) | H78: Exchange 13 | I78: =IF(AND(J78>0,K78>0), 0, J78) | L78: =IF(AND(J78>0,K78>0), 0, K78) | N78: Exchange 13 | O78: =IF(AND(P78>0,Q78>0), 0, P78) | R78: =IF(AND(P78>0,Q78>0), 0, Q78)
B79: Exchange 14 | C79: =IF(AND(D79>0,E79>0), 0, D79) | F79: =IF(AND(D79>0,E79>0), 0, E79) | H79: Exchange 14 | I79: =IF(AND(J79>0,K79>0), 0, J79) | L79: =IF(AND(J79>0,K79>0), 0, K79) | N79: Exchange 14 | O79: =IF(AND(P79>0,Q79>0), 0, P79) | R79: =IF(AND(P79>0,Q79>0), 0, Q79)
B80: Exchange 15 | C80: =IF(AND(D80>0,E80>0), 0, D80) | F80: =IF(AND(D80>0,E80>0), 0, E80) | H80: Exchange 15 | I80: =IF(AND(J80>0,K80>0), 0, J80) | L80: =IF(AND(J80>0,K80>0), 0, K80) | N80: Exchange 15 | O80: =IF(AND(P80>0,Q80>0), 0, P80) | R80: =IF(AND(P80>0,Q80>0), 0, Q80)
B81: Won Points | C81: =SUM(C66:C80) -> 7 | D81: =COUNTIFS(D66:D80, "<>0", D66:D80, "<>", E66:E80, "<>0", E66:E80, "<>") -> 3 | E81: =COUNTIFS(D66:D80, "<>0", D66:D80, "<>", E66:E80, "<>0", E66:E80, "<>") -> 3 | F81: =SUM(F66:F80) -> 15 | H81: Won Points | I81: =SUM(I66:I80) -> 13 | J81: =COUNTIFS(J66:J80, "<>0", J66:J80, "<>", K66:K80, "<>0", K66:K80, "<>") -> 0 | K81: =COUNTIFS(J66:J80, "<>0", J66:J80, "<>", K66:K80, "<>0", K66:K80, "<>") -> 0 | L81: =SUM(L66:L80) -> 12 | N81: Won Points | O81: =SUM(O66:O80) -> 3 | P81: =COUNTIFS(P66:P80, "<>0", P66:P80, "<>", Q66:Q80, "<>0", Q66:Q80, "<>") -> 3 | Q81: =COUNTIFS(P66:P80, "<>0", P66:P80, "<>", Q66:Q80, "<>0", Q66:Q80, "<>") -> 3 | R81: =SUM(R66:R80) -> 11
B82: Won Match | C82: =D82 -> -1 | D82: =IF(C81>F81, 1, (IF(C81=F81, 0, -1))) -> -1 | E82: =IF(F81>C81, 1, (IF(F81=C81, 0, -1))) -> 1 | F82: =E82 -> 1 | H82: Won Match | I82: =J82 -> 1 | J82: =IF(I81>L81, 1, (IF(I81=L81, 0, -1))) -> 1 | K82: =IF(L81>I81, 1, (IF(L81=I81, 0, -1))) -> -1 | L82: =K82 -> -1 | N82: Won Match | O82: =P82 -> -1 | P82: =IF(O81>R81, 1, (IF(O81=R81, 0, -1))) -> -1 | Q82: =IF(R81>O81, 1, (IF(R81=O81, 0, -1))) -> 1 | R82: =Q82 -> 1
B85: Match 4 | C85: =T19 -> Mittens | E85: =T18 -> Frank | H85: Match 9 | I85: =T14 -> Berend | K85: =T16 -> Tjeard | N85: Match 14 | O85: =T17 -> Daniel | Q85: =T19 -> Mittens
B86: Exchange 1 | C86: =IF(AND(D86>0,E86>0), 0, D86) -> 3 | D86: 3 | F86: =IF(AND(D86>0,E86>0), 0, E86) | H86: Exchange 1 | I86: =IF(AND(J86>0,K86>0), 0, J86) | K86: 3 | L86: =IF(AND(J86>0,K86>0), 0, K86) -> 3 | N86: Exchange 1 | O86: =IF(AND(P86>0,Q86>0), 0, P86) | Q86: 3 | R86: =IF(AND(P86>0,Q86>0), 0, Q86) -> 3
B87: Exchange 2 | C87: =IF(AND(D87>0,E87>0), 0, D87) -> 3 | D87: 3 | F87: =IF(AND(D87>0,E87>0), 0, E87) | H87: Exchange 2 | I87: =IF(AND(J87>0,K87>0), 0, J87) -> 0 | J87: 2 | K87: 2 | L87: =IF(AND(J87>0,K87>0), 0, K87) -> 0 | N87: Exchange 2 | O87: =IF(AND(P87>0,Q87>0), 0, P87) -> 2 | P87: 2 | R87: =IF(AND(P87>0,Q87>0), 0, Q87)
B88: Exchange 3 | C88: =IF(AND(D88>0,E88>0), 0, D88) -> 1 | D88: 1 | F88: =IF(AND(D88>0,E88>0), 0, E88) | H88: Exchange 3 | I88: =IF(AND(J88>0,K88>0), 0, J88) -> 0 | J88: 2 | K88: 3 | L88: =IF(AND(J88>0,K88>0), 0, K88) -> 0 | N88: Exchange 3 | O88: =IF(AND(P88>0,Q88>0), 0, P88) | Q88: 3 | R88: =IF(AND(P88>0,Q88>0), 0, Q88) -> 3
B89: Exchange 4 | C89: =IF(AND(D89>0,E89>0), 0, D89) | E89: 2 | F89: =IF(AND(D89>0,E89>0), 0, E89) -> 2 | H89: Exchange 4 | I89: =IF(AND(J89>0,K89>0), 0, J89) -> 0 | J89: 2 | K89: 3 | L89: =IF(AND(J89>0,K89>0), 0, K89) -> 0 | N89: Exchange 4 | O89: =IF(AND(P89>0,Q89>0), 0, P89) | Q89: 2 | R89: =IF(AND(P89>0,Q89>0), 0, Q89) -> 2
B90: Exchange 5 | C90: =IF(AND(D90>0,E90>0), 0, D90) -> 2 | D90: 2 | F90: =IF(AND(D90>0,E90>0), 0, E90) | H90: Exchange 5 | I90: =IF(AND(J90>0,K90>0), 0, J90) -> 0 | J90: 2 | K90: 2 | L90: =IF(AND(J90>0,K90>0), 0, K90) -> 0 | N90: Exchange 5 | O90: =IF(AND(P90>0,Q90>0), 0, P90) | Q90: 2 | R90: =IF(AND(P90>0,Q90>0), 0, Q90) -> 2
B91: Exchange 6 | C91: =IF(AND(D91>0,E91>0), 0, D91) -> 2 | D91: 2 | F91: =IF(AND(D91>0,E91>0), 0, E91) | H91: Exchange 6 | I91: =IF(AND(J91>0,K91>0), 0, J91) -> 0 | J91: 2 | K91: 2 | L91: =IF(AND(J91>0,K91>0), 0, K91) -> 0 | N91: Exchange 6 | O91: =IF(AND(P91>0,Q91>0), 0, P91) | Q91: 2 | R91: =IF(AND(P91>0,Q91>0), 0, Q91) -> 2
B92: Exchange 7 | C92: =IF(AND(D92>0,E92>0), 0, D92) -> 2 | D92: 2 | F92: =IF(AND(D92>0,E92>0), 0, E92) | H92: Exchange 7 | I92: =IF(AND(J92>0,K92>0), 0, J92) -> 2 | J92: 2 | L92: =IF(AND(J92>0,K92>0), 0, K92) | N92: Exchange 7 | O92: =IF(AND(P92>0,Q92>0), 0, P92) -> 2 | P92: 2 | R92: =IF(AND(P92>0,Q92>0), 0, Q92)
B93: Exchange 8 | C93: =IF(AND(D93>0,E93>0), 0, D93) -> 3 | D93: 3 | F93: =IF(AND(D93>0,E93>0), 0, E93) | H93: Exchange 8 | I93: =IF(AND(J93>0,K93>0), 0, J93) -> 3 | J93: 3 | L93: =IF(AND(J93>0,K93>0), 0, K93) | N93: Exchange 8 | O93: =IF(AND(P93>0,Q93>0), 0, P93) | Q93: 2 | R93: =IF(AND(P93>0,Q93>0), 0, Q93) -> 2
B94: Exchange 9 | C94: =IF(AND(D94>0,E94>0), 0, D94) -> 2 | D94: 2 | F94: =IF(AND(D94>0,E94>0), 0, E94) | H94: Exchange 9 | I94: =IF(AND(J94>0,K94>0), 0, J94) -> 0 | J94: 3 | K94: 2 | L94: =IF(AND(J94>0,K94>0), 0, K94) -> 0 | N94: Exchange 9 | O94: =IF(AND(P94>0,Q94>0), 0, P94) | Q94: 2 | R94: =IF(AND(P94>0,Q94>0), 0, Q94) -> 2
B95: Exchange 10 | C95: =IF(AND(D95>0,E95>0), 0, D95) -> 0 | D95: 3 | E95: 2 | F95: =IF(AND(D95>0,E95>0), 0, E95) -> 0 | H95: Exchange 10 | I95: =IF(AND(J95>0,K95>0), 0, J95) | K95: 3 | L95: =IF(AND(J95>0,K95>0), 0, K95) -> 3 | N95: Exchange 10 | O95: =IF(AND(P95>0,Q95>0), 0, P95) | R95: =IF(AND(P95>0,Q95>0), 0, Q95)
B96: Exchange 11 | C96: =IF(AND(D96>0,E96>0), 0, D96) | F96: =IF(AND(D96>0,E96>0), 0, E96) | H96: Exchange 11 | I96: =IF(AND(J96>0,K96>0), 0, J96) -> 0 | J96: 3 | K96: 3 | L96: =IF(AND(J96>0,K96>0), 0, K96) -> 0 | N96: Exchange 11 | O96: =IF(AND(P96>0,Q96>0), 0, P96) | R96: =IF(AND(P96>0,Q96>0), 0, Q96)
B97: Exchange 12 | C97: =IF(AND(D97>0,E97>0), 0, D97) | F97: =IF(AND(D97>0,E97>0), 0, E97) | H97: Exchange 12 | I97: =IF(AND(J97>0,K97>0), 0, J97) | L97: =IF(AND(J97>0,K97>0), 0, K97) | N97: Exchange 12 | O97: =IF(AND(P97>0,Q97>0), 0, P97) | R97: =IF(AND(P97>0,Q97>0), 0, Q97)
B98: Exchange 13 | C98: =IF(AND(D98>0,E98>0), 0, D98) | F98: =IF(AND(D98>0,E98>0), 0, E98) | H98: Exchange 13 | I98: =IF(AND(J98>0,K98>0), 0, J98) | L98: =IF(AND(J98>0,K98>0), 0, K98) | N98: Exchange 13 | O98: =IF(AND(P98>0,Q98>0), 0, P98) | R98: =IF(AND(P98>0,Q98>0), 0, Q98)
B99: Exchange 14 | C99: =IF(AND(D99>0,E99>0), 0, D99) | F99: =IF(AND(D99>0,E99>0), 0, E99) | H99: Exchange 14 | I99: =IF(AND(J99>0,K99>0), 0, J99) | L99: =IF(AND(J99>0,K99>0), 0, K99) | N99: Exchange 14 | O99: =IF(AND(P99>0,Q99>0), 0, P99) | R99: =IF(AND(P99>0,Q99>0), 0, Q99)
B100: Exchange 15 | C100: =IF(AND(D100>0,E100>0), 0, D100) | F100: =IF(AND(D100>0,E100>0), 0, E100) | H100: Exchange 15 | I100: =IF(AND(J100>0,K100>0), 0, J100) | L100: =IF(AND(J100>0,K100>0), 0, K100) | N100: Exchange 15 | O100: =IF(AND(P100>0,Q100>0), 0, P100) | R100: =IF(AND(P100>0,Q100>0), 0, Q100)
B101: Won Points | C101: =SUM(C86:C100) -> 18 | D101: =COUNTIFS(D86:D100, "<>0", D86:D100, "<>", E86:E100, "<>0", E86:E100, "<>") -> 1 | E101: =COUNTIFS(D86:D100, "<>0", D86:D100, "<>", E86:E100, "<>0", E86:E100, "<>") -> 1 | F101: =SUM(F86:F100) -> 2 | H101: Won Points | I101: =SUM(I86:I100) -> 5 | J101: =COUNTIFS(J86:J100, "<>0", J86:J100, "<>", K86:K100, "<>0", K86:K100, "<>") -> 7 | K101: =COUNTIFS(J86:J100, "<>0", J86:J100, "<>", K86:K100, "<>0", K86:K100, "<>") -> 7 | L101: =SUM(L86:L100) -> 6 | N101: Won Points | O101: =SUM(O86:O100) -> 4 | P101: =COUNTIFS(P86:P100, "<>0", P86:P100, "<>", Q86:Q100, "<>0", Q86:Q100, "<>") -> 0 | Q101: =COUNTIFS(P86:P100, "<>0", P86:P100, "<>", Q86:Q100, "<>0", Q86:Q100, "<>") -> 0 | R101: =SUM(R86:R100) -> 16
B102: Won Match | C102: =D102 -> 1 | D102: =IF(C101>F101, 1, (IF(C101=F101, 0, -1))) -> 1 | E102: =IF(F101>C101, 1, (IF(F101=C101, 0, -1))) -> -1 | F102: =E102 -> -1 | H102: Won Match | I102: =J102 -> -1 | J102: =IF(I101>L101, 1, (IF(I101=L101, 0, -1))) -> -1 | K102: =IF(L101>I101, 1, (IF(L101=I101, 0, -1))) -> 1 | L102: =K102 -> 1 | N102: Won Match | O102: =P102 -> -1 | P102: =IF(O101>R101, 1, (IF(O101=R101, 0, -1))) -> -1 | Q102: =IF(R101>O101, 1, (IF(R101=O101, 0, -1))) -> 1 | R102: =Q102 -> 1
B105: Match 5 | C105: =T14 -> Berend | E105: =T15 -> Judith | H105: Match 10 | I105: =T15 -> Judith | K105: =T17 -> Daniel | N105: Match 15 | O105: =T14 -> Berend | Q105: =T18 -> Frank
B106: Exchange 1 | C106: =IF(AND(D106>0,E106>0), 0, D106) | E106: 3 | F106: =IF(AND(D106>0,E106>0), 0, E106) -> 3 | H106: Exchange 1 | I106: =IF(AND(J106>0,K106>0), 0, J106) -> 0 | J106: 3 | K106: 3 | L106: =IF(AND(J106>0,K106>0), 0, K106) -> 0 | N106: Exchange 1 | O106: =IF(AND(P106>0,Q106>0), 0, P106) -> 0 | P106: 2 | Q106: 2 | R106: =IF(AND(P106>0,Q106>0), 0, Q106) -> 0
B107: Exchange 2 | C107: =IF(AND(D107>0,E107>0), 0, D107) -> 3 | D107: 3 | F107: =IF(AND(D107>0,E107>0), 0, E107) | H107: Exchange 2 | I107: =IF(AND(J107>0,K107>0), 0, J107) -> 0 | J107: 2 | K107: 3 | L107: =IF(AND(J107>0,K107>0), 0, K107) -> 0 | N107: Exchange 2 | O107: =IF(AND(P107>0,Q107>0), 0, P107) | Q107: 2 | R107: =IF(AND(P107>0,Q107>0), 0, Q107) -> 2
B108: Exchange 3 | C108: =IF(AND(D108>0,E108>0), 0, D108) -> 0 | D108: 2 | E108: 2 | F108: =IF(AND(D108>0,E108>0), 0, E108) -> 0 | H108: Exchange 3 | I108: =IF(AND(J108>0,K108>0), 0, J108) -> 2 | J108: 2 | L108: =IF(AND(J108>0,K108>0), 0, K108) | N108: Exchange 3 | O108: =IF(AND(P108>0,Q108>0), 0, P108) -> 3 | P108: 3 | R108: =IF(AND(P108>0,Q108>0), 0, Q108)
B109: Exchange 4 | C109: =IF(AND(D109>0,E109>0), 0, D109) | E109: 2 | F109: =IF(AND(D109>0,E109>0), 0, E109) -> 2 | H109: Exchange 4 | I109: =IF(AND(J109>0,K109>0), 0, J109) -> 3 | J109: 3 | L109: =IF(AND(J109>0,K109>0), 0, K109) | N109: Exchange 4 | O109: =IF(AND(P109>0,Q109>0), 0, P109) -> 2 | P109: 2 | R109: =IF(AND(P109>0,Q109>0), 0, Q109)
B110: Exchange 5 | C110: =IF(AND(D110>0,E110>0), 0, D110) -> 3 | D110: 3 | F110: =IF(AND(D110>0,E110>0), 0, E110) | H110: Exchange 5 | I110: =IF(AND(J110>0,K110>0), 0, J110) | K110: 2 | L110: =IF(AND(J110>0,K110>0), 0, K110) -> 2 | N110: Exchange 5 | O110: =IF(AND(P110>0,Q110>0), 0, P110) -> 3 | P110: 3 | R110: =IF(AND(P110>0,Q110>0), 0, Q110)
...

Sheet Eliminations
B2: Pool 1 | C2: Pool 2 | D2: Pool 3 | K2: Bronze Scores | N2: Bronze Sorted
A3: 1 | B3: =Pool_1!AH4 -> Tim the Burgundy Enchanter | C3: =Pool_2!AH4 -> Jesse | D3: =Pool_3!AH4 -> Berend | K3: =Pool_1!AH6 -> Teun | L3: =Pool_1!AG6 -> 0.942 | N3: {=SORT(K3:L5, 2, false)} -> Teun | O3: 0.942 | AL3: =O79 | AM3: =Q79 | AN3: =O105 | AQ3: =Q105
A4: 2 | B4: =Pool_1!AH5 -> Eminence Bruin | C4: =Pool_2!AH5 -> Rory | D4: =Pool_3!AH5 -> Tjeard | F4: Best Bronze 1 | G4: Best Bronze 2 | K4: =Pool_2!AH6 -> Arjan | L4: =Pool_2!AG6 -> 0.868 | N4: Arjan | O4: 0.868 | T4: MATCHES | U4: =C27 -> Jesse | V4: =E27 -> Arjan | W4: =C53 -> Tjeard | X4: =E53 -> Rory | Y4: =C79 -> Tim the Burgundy Enchanter | Z4: =E79 -> Eminence Bruin | AA4: =C105 -> Teun | AB4: =E105 -> Berend | AC4: Lost | AD4: Won | AE4: Total | AI4: =I27 -> Jesse | AJ4: =K27 -> Tjeard | AK4: =I53 -> Eminence Bruin | AL4: =K53 -> Berend | AM4: Lost | AN4: Won | AO4: Total | AS4: =O27 -> Jesse | AT4: =Q27 -> Berend | AU4: =O53 -> Tjeard | AV4: =Q53 -> Eminence Bruin | AW4: Lost | AX4: Won | AY4: Total
A5: 3 | B5: =Pool_1!AH6 -> Teun | C5: =Pool_2!AH6 -> Arjan | D5: =Pool_3!AH6 -> Mittens | F5: =N3 -> Teun | G5: =N4 -> Arjan | K5: =Pool_3!AH6 -> Mittens | L5: =Pool_3!AG6 -> -1.068 | N5: Mittens | O5: -1.068 | T5: =C27 -> Jesse | V5: =F49 -> -1 | AC5: =sumif(U5:AB5, ">0") -> 0 | AD5: =U13 -> 1 | AE5: =AD5+(0.001*(AE17/AE$25)) -> 1.0002381 | AF5: =T5 -> Jesse | AH5: =I27 -> Jesse | AJ5: =L49 -> -1 | AM5: =sumif(AH5:AL5, ">0") -> 0 | AN5: =AI9 -> 1 | AO5: =AN5-AM5+(0.01*(AO17/AO$21)) -> 1.0046154 | AP5: =AH5 -> Jesse | AR5: =O27 -> Jesse | AT5: =R49 -> 1 | AW5: =sumif(AS5:AV5, ">0") -> 1 | AX5: =AS9 -> 0 | AY5: =AX5+(0.1*(AY17/AY$21)) -> -0.025 | AZ5: =AR5 -> Jesse | BC5: =AF5 -> Jesse | BD5: =AE5 -> 1.0002381 | BE5: =AP5 -> Jesse | BF5: =AO5 -> 1.0046154 | BG5: =AZ5 -> Jesse | BH5: =AY5 -> -0.025 | BJ5: =sumif(BC$5:BG$12,BC$5:BC$12,BD$5:BH$12) -> 1.9798535 | BK5: =BC5:BC12 -> Jesse | BM5: {=sort(BJ5:BK12,1,FALSE)} -> 3.0299487 | BN5: Berend
T6: =E27 -> Arjan | U6: =C49 -> 1 | AC6: =sumif(U6:AB6, ">0") -> 1 | AD6: =V13 -> 0 | AE6: =AD6+(0.001*(AE18/AE$25)) -> -0.00023809524 | AF6: =T6 -> Arjan | AH6: =K27 -> Tjeard | AI6: =I49 -> 1 | AM6: =sumif(AH6:AL6, ">0") -> 1 | AN6: =AJ9 -> 0 | AO6: =AN6+(0.01*(AO18/AO$21)) -> -0.0046153846 | AP6: =AH6 -> Tjeard | AR6: =Q27 -> Berend | AS6: =O49 -> -1 | AW6: =sumif(AS6:AV6, ">0") -> 0 | AX6: =AT9 -> 1 | AY6: =AX6+(0.1*(AY18/AY$21)) -> 1.025 | AZ6: =AR6 -> Berend | BC6: =AF6 -> Arjan | BD6: =AE6 -> -0.00023809524 | BE6: =AP6 -> Tjeard | BF6: =AO6 -> -0.0046153846 | BG6: =AZ6 -> Berend | BH6: =AY6 -> 1.025 | BJ6: =sumif(BC$5:BG$12,BC$5:BC$12,BD$5:BH$12) -> -0.00023809524 | BK6: =BC6:BC13 -> Arjan | BM6: 1.9798535 | BN6: Jesse
T7: =C53 -> Tjeard | X7: =F75 -> -1 | AC7: =sumif(U7:AB7, ">0") -> 0 | AD7: =W13 -> 1 | AE7: =AD7+(0.001*(AE19/AE$25)) -> 1.0000952 | AF7: =T7 -> Tjeard | AH7: =I53 -> Eminence Bruin | AL7: =L75 -> 1 | AM7: =sumif(AH7:AL7, ">0") -> 1 | AN7: =AK9 -> 0 | AO7: =AN7+(0.01*(AO19/AO$21)) -> -0.0046153846 | AP7: =AH7 -> Eminence Bruin | AR7: =O53 -> Tjeard | AV7: =R75*0.5 -> -0.5 | AW7: =sumif(AS7:AV7, ">0") -> 0 | AX7: =AU9 -> 0.5 | AY7: =AX7+(0.1*(AY19/AY$21)) -> 0.55 | AZ7: =AR7 -> Tjeard | BC7: =AF7 -> Tjeard | BD7: =AE7 -> 1.0000952 | BE7: =AP7 -> Eminence Bruin | BF7: =AO7 -> -0.0046153846 | BG7: =AZ7 -> Tjeard | BH7: =AY7 -> 0.55 | BJ7: =sumif(BC$5:BG$12,BC$5:BC$12,BD$5:BH$12) -> 1.5454799 | BK7: =BC7:BC14 -> Tjeard | BM7: 1.5454799 | BN7: Tjeard
K8: Silver Scores | N8: Silver Sorted | T8: =E53 -> Rory | W8: =C75 -> 1 | AC8: =sumif(U8:AB8, ">0") -> 1 | AD8: =X13 -> 0 | AE8: =AD8+(0.001*(AE20/AE$25)) -> -9.5238095e-05 | AF8: =T8 -> Rory | AH8: =K53 -> Berend | AK8: =I75 -> -1 | AM8: =sumif(AH8:AL8, ">0") -> 0 | AN8: =AL9 -> 1 | AO8: =AN8+(0.01*(AO20/AO$21)) -> 1.0046154 | AP8: =AH8 -> Berend | AR8: =Q53 -> Eminence Bruin | AU8: =O75*0.5 -> 0.5 | AW8: =sumif(AS8:AV8, ">0") -> 0.5 | AX8: =AV9 -> 0 | AY8: =AX8+(0.1*(AY20/AY$21)) -> -0.05 | AZ8: =AR8 -> Eminence Bruin | BC8: =AF8 -> Rory | BD8: =AE8 -> -9.5238095e-05 | BE8: =AP8 -> Berend | BF8: =AO8 -> 1.0046154 | BG8: =AZ8 -> Eminence Bruin | BH8: =AY8 -> -0.05 | BJ8: =sumif(BC$5:BG$12,BC$5:BC$12,BD$5:BH$12) -> -9.5238095e-05 | BK8: =BC8:BC15 -> Rory | BM8: 0.94567033 | BN8: Eminence Bruin
K9: =Pool_1!AH5 -> Eminence Bruin | L9: =Pool_1!AG5 -> 1.887 | N9: {=SORT(K9:L11, 2, false)} -> Tjeard | O9: 2.829 | T9: =C79 -> Tim the Burgundy Enchanter | Z9: =F101 -> 1 | AC9: =sumif(U9:AB9, ">0") -> 1 | AD9: =Y13 -> 0 | AE9: =AD9+(0.001*(AE21/AE$25)) -> -0.00028571429 | AF9: =T9 -> Tim the Burgundy Enchanter | AG9: =Q79 | AH9: Won | AI9: =SUMIF(AI5:AI8, ">0", AI5:AI8) -> 1 | AJ9: =SUMIF(AJ5:AJ8, ">0", AJ5:AJ8) -> 0 | AK9: =SUMIF(AK5:AK8, ">0", AK5:AK8) -> 0 | AL9: =SUMIF(AL5:AL8, ">0", AL5:AL8) -> 1 | AN9: =AI13 | AR9: Won | AS9: =SUMIF(AS5:AS8, ">0", AS5:AS8) -> 0 | AT9: =SUMIF(AT5:AT8, ">0", AT5:AT8) -> 1 | AU9: =SUMIF(AU5:AU8, ">0", AU5:AU8) -> 0.5 | AV9: =SUMIF(AV5:AV8, ">0", AV5:AV8) -> 0 | AX9: =AS13 | BC9: =AF9 -> Tim the Burgundy Enchanter | BD9: =AE9 -> -0.00028571429 | BE9: =AP9 | BF9: =AO9 | BJ9: =sumif(BC$5:BG$12,BC$5:BC$12,BD$5:BH$12) -> -0.00028571429 | BK9: =BC9:BC16 -> Tim the Burgundy Enchanter | BM9: -9.5238095e-05 | BN9: Rory
A10: Quarter Final 1 | B10: =N15 -> Jesse | K10: =Pool_2!AH5 -> Rory | L10: =Pool_2!AG5 -> 1.893 | N10: Rory | O10: 1.893 | T10: =E79 -> Eminence Bruin | Y10: =C101 -> -1 | AC10: =sumif(U10:AB10, ">0") -> 0 | AD10: =Z13 -> 1 | AE10: =AD10+(0.001*(AE22/AE$25)) -> 1.0002857 | AF10: =T10 -> Eminence Bruin | AG10: =O105 | AN10: =AJ13 | BC10: =AF10 -> Eminence Bruin | BD10: =AE10 -> 1.0002857 | BE10: =AP10 | BF10: =AO10 | BJ10: =sumif(BC$5:BG$12,BC$5:BC$12,BD$5:BH$12) -> 0.94567033 | BK10: =BC10:BC17 -> Eminence Bruin | BM10: -0.00023809524 | BN10: Arjan
B11: =G5 -> Arjan | K11: =Pool_3!AH5 -> Tjeard | L11: =Pool_3!AG5 -> 2.829 | N11: Eminence Bruin | O11: 1.887 | T11: =C105 -> Teun | AB11: =F127 -> 1 | AC11: =sumif(U11:AB11, ">0") -> 1 | AD11: =AA13 -> 0 | AE11: =AD11+(0.001*(AE23/AE$25)) -> -0.00033333333 | AF11: =T11 -> Teun | AG11: =Q105 | AN11: =AK13 | BC11: =AF11 -> Teun | BD11: =AE11 -> -0.00033333333 | BE11: =AP11 | BF11: =AO11 | BJ11: =sumif(BC$5:BG$12,BC$5:BC$12,BD$5:BH$12) -> -0.00033333333 | BK11: =BC11:BC18 -> Teun | BM11: -0.00028571429 | BN11: Tim the Burgundy Enchanter
C12: Semifinal 1 | D12: =E50 -> Jesse | T12: =E105 -> Berend | AA12: =C127 -> -1 | AC12: =sumif(U12:AB12, ">0") -> 0 | AD12: =AB13 -> 1 | AE12: =AD12+(0.001*(AE24/AE$25)) -> 1.0003333 | AF12: =T12 -> Berend | AN12: =AL13 | BC12: =AF12 -> Berend | BD12: =AE12 -> 1.0003333 | BE12: =AP12 | BF12: =AO12 | BJ12: =sumif(BC$5:BG$12,BC$5:BC$12,BD$5:BH$12) -> 3.0299487 | BK12: =BC12:BC19 -> Berend | BM12: -0.00033333333 | BN12: Teun
A13: Quarter Final 2 | B13: =N9 -> Tjeard | D13: =E76 -> Tjeard | T13: Won | U13: =SUMIF(U5:U12, ">0", U5:U12) -> 1 | V13: =SUMIF(V5:V12, ">0", V5:V12) -> 0 | W13: =SUMIF(W5:W12, ">0", W5:W12) -> 1 | X13: =SUMIF(X5:X12, ">0", X5:X12) -> 0 | Y13: =SUMIF(Y5:Y12, ">0", Y5:Y12) -> 0 | Z13: =SUMIF(Z5:Z12, ">0", Z5:Z12) -> 1 | AA13: =SUMIF(AA5:AA12, ">0", AA5:AA12) -> 0 | AB13: =SUMIF(AB5:AB12, ">0", AB5:AB12) -> 1
B14: =N10 -> Rory | E14: Final | F14: =K50 -> Jesse | K14: Gold Scores | N14: Gold Sorted
F15: =K76 -> Berend | K15: =Pool_1!AH4 -> Tim the Burgundy Enchanter | L15: =Pool_1!AG4 -> 1.953 | N15: {=SORT(K15:L17, 2, false)} -> Jesse | O15: 4.927
A16: Quarter Final 3 | B16: =N17 -> Tim the Burgundy Enchanter | K16: =Pool_2!AH4 -> Jesse | L16: =Pool_2!AG4 -> 4.927 | N16: Berend | O16: 2.854 | T16: POINTS | U16: =C27 -> Jesse | V16: =E27 -> Arjan | W16: =C53 -> Tjeard | X16: =E53 -> Rory | Y16: =C79 -> Tim the Burgundy Enchanter | Z16: =E79 -> Eminence Bruin | AA16: =C105 -> Teun | AB16: =E105 -> Berend | AC16: Lost | AD16: Won | AE16: Total | AI16: =I27 -> Jesse | AJ16: =K27 -> Tjeard | AK16: =I53 -> Eminence Bruin | AL16: =K53 -> Berend | AM16: Lost | AN16: Won | AO16: Total | AS16: =O27 -> Jesse | AT16: =Q27 -> Berend | AU16: =O53 -> Tjeard | AV16: =Q53 -> Eminence Bruin | AW16: Lost | AX16: Won | AY16: Total
B17: =N11 -> Eminence Bruin | D17: =E102 -> Eminence Bruin | K17: =Pool_3!AH4 -> Berend | L17: =Pool_3!AG4 -> 2.854 | N17: Tim the Burgundy Enchanter | O17: 1.953 | T17: =C27 -> Jesse | V17: =F48 -> 5 | AC17: =sumif(U17:AB17, ">0") -> 5 | AD17: =U25 -> 10 | AE17: =AD17-AC17 -> 5 | AF17: =T17 -> Jesse | AH17: =I27 -> Jesse | AJ17: =L48 -> 9 | AM17: =sumif(AH17:AL17, ">0") -> 9 | AN17: =AI21 -> 15 | AO17: =AN17-AM17 -> 6 | AP17: =AH17 -> Jesse | AR17: =O27 -> Jesse | AT17: =R48 -> 9 | AW17: =sumif(AS17:AV17, ">0") -> 9 | AX17: =AS21 -> 8 | AY17: =AX17-AW17 -> -1 | AZ17: =AR17 -> Jesse | BC17: =AF17 -> Jesse | BD17: =AE17 -> 5 | BE17: =AP17 -> Jesse | BF17: =AO17 -> 6 | BG17: =AZ17 -> Jesse | BH17: =AY17 -> -1 | BJ17: =sumif(BC$17:BG$24,BC$17:BC$24,BD$17:BH$24) -> 10 | BK17: =BC17:BC24 -> Jesse
C18: Semifinal 2 | D18: =E128 -> Berend | T18: =E27 -> Arjan | U18: =C48 -> 10 | AC18: =sumif(U18:AB18, ">0") -> 10 | AD18: =V25 -> 5 | AE18: =AD18-AC18 -> -5 | AF18: =T18 -> Arjan | AH18: =K27 -> Tjeard | AI18: =I48 -> 15 | AM18: =sumif(AH18:AL18, ">0") -> 15 | AN18: =AJ21 -> 9 | AO18: =AN18-AM18 -> -6 | AP18: =AH18 -> Tjeard | AR18: =Q27 -> Berend | AS18: =O48 -> 8 | AW18: =sumif(AS18:AV18, ">0") -> 8 | AX18: =AT21 -> 9 | AY18: =AX18-AW18 -> 1 | AZ18: =AR18 -> Berend | BC18: =AF18 -> Arjan | BD18: =AE18 -> -5 | BE18: =AP18 -> Tjeard | BF18: =AO18 -> -6 | BG18: =AZ18 -> Berend | BH18: =AY18 -> 1 | BJ18: =sumif(BC$17:BG$24,BC$17:BC$24,BD$17:BH$24) -> -5 | BK18: =BC18:BC25 -> Arjan
A19: Quarter Final 4 | B19: =F5 -> Teun | T19: =C53 -> Tjeard | X19: =F74 -> 8 | AC19: =sumif(U19:AB19, ">0") -> 8 | AD19: =W25 -> 10 | AE19: =AD19-AC19 -> 2 | AF19: =T19 -> Tjeard | AH19: =I53 -> Eminence Bruin | AL19: =L74 -> 11 | AM19: =sumif(AH19:AL19, ">0") -> 11 | AN19: =AK21 -> 5 | AO19: =AN19-AM19 -> -6 | AP19: =AH19 -> Eminence Bruin | AR19: =O53 -> Tjeard | AV19: =R74 -> 8 | AW19: =sumif(AS19:AV19, ">0") -> 8 | AX19: =AU21 -> 10 | AY19: =AX19-AW19 -> 2 | AZ19: =AR19 -> Tjeard | BC19: =AF19 -> Tjeard | BD19: =AE19 -> 2 | BE19: =AP19 -> Eminence Bruin | BF19: =AO19 -> -6 | BG19: =AZ19 -> Tjeard | BH19: =AY19 -> 2 | BJ19: =sumif(BC$17:BG$24,BC$17:BC$24,BD$17:BH$24) -> -2 | BK19: =BC19:BC26 -> Tjeard
B20: =N16 -> Berend | T20: =E53 -> Rory | W20: =C74 -> 10 | AC20: =sumif(U20:AB20, ">0") -> 10 | AD20: =X25 -> 8 | AE20: =AD20-AC20 -> -2 | AF20: =T20 -> Rory | AH20: =K53 -> Berend | AK20: =I74 -> 5 | AM20: =sumif(AH20:AL20, ">0") -> 5 | AN20: =AL21 -> 11 | AO20: =AN20-AM20 -> 6 | AP20: =AH20 -> Berend | AR20: =Q53 -> Eminence Bruin | AU20: =O74 -> 10 | AW20: =sumif(AS20:AV20, ">0") -> 10 | AX20: =AV21 -> 8 | AY20: =AX20-AW20 -> -2 | AZ20: =AR20 -> Eminence Bruin | BC20: =AF20 -> Rory | BD20: =AE20 -> -2 | BE20: =AP20 -> Berend | BF20: =AO20 -> 6 | BG20: =AZ20 -> Eminence Bruin | BH20: =AY20 -> -2 | BJ20: =sumif(BC$17:BG$24,BC$17:BC$24,BD$17:BH$24) -> -2 | BK20: =BC20:BC27 -> Rory
E21: Bronze | F21: =K51 -> Tjeard | T21: =C79 -> Tim the Burgundy Enchanter | Z21: =F100 -> 13 | AC21: =sumif(U21:AB21, ">0") -> 13 | AD21: =Y25 -> 7 | AE21: =AD21-AC21 -> -6 | AF21: =T21 -> Tim the Burgundy Enchanter | AH21: Won | AI21: =SUMIF(AI17:AI20, ">0", AI17:AI20) -> 15 | AJ21: =SUMIF(AJ17:AJ20, ">0", AJ17:AJ20) -> 9 | AK21: =SUMIF(AK17:AK20, ">0", AK17:AK20) -> 5 | AL21: =SUMIF(AL17:AL20, ">0", AL17:AL20) -> 11 | AN21: =AI25 | AO21: =SUMIF(AO17:AO20,">0",AO17:AO20)+1 -> 13 | AR21: Won | AS21: =SUMIF(AS17:AS20, ">0", AS17:AS20) -> 8 | AT21: =SUMIF(AT17:AT20, ">0", AT17:AT20) -> 9 | AU21: =SUMIF(AU17:AU20, ">0", AU17:AU20) -> 10 | AV21: =SUMIF(AV17:AV20, ">0", AV17:AV20) -> 8 | AX21: =AS25 | AY21: =SUMIF(AY17:AY20,">0",AY17:AY20)+1 -> 4 | BC21: =AF21 -> Tim the Burgundy Enchanter | BD21: =AE21 -> -6 | BE21: =AP21 | BF21: =AO21 -> 13 | BJ21: =sumif(BC$17:BG$24,BC$17:BC$24,BD$17:BH$24) -> -6 | BK21: =BC21:BC28 -> Tim the Burgundy Enchanter
F22: =K77 -> Eminence Bruin | T22: =E79 -> Eminence Bruin | Y22: =C100 -> 7 | AC22: =sumif(U22:AB22, ">0") -> 7 | AD22: =Z25 -> 13 | AE22: =AD22-AC22 -> 6 | AF22: =T22 -> Eminence Bruin | AN22: =AJ25 | BC22: =AF22 -> Eminence Bruin | BD22: =AE22 -> 6 | BE22: =AP22 | BF22: =AO22 | BJ22: =sumif(BC$17:BG$24,BC$17:BC$24,BD$17:BH$24) -> -2 | BK22: =BC22:BC29 -> Eminence Bruin
T23: =C105 -> Teun | AB23: =F126 -> 16 | AC23: =sumif(U23:AB23, ">0") -> 16 | AD23: =AA25 -> 9 | AE23: =AD23-AC23 -> -7 | AF23: =T23 -> Teun | AN23: =AK25 | BC23: =AF23 -> Teun | BD23: =AE23 -> -7 | BE23: =AP23 | BF23: =AO23 | BJ23: =sumif(BC$17:BG$24,BC$17:BC$24,BD$17:BH$24) -> -7 | BK23: =BC23:BC30 -> Teun
T24: =E105 -> Berend | AA24: =C126 -> 9 | AC24: =sumif(U24:AB24, ">0") -> 9 | AD24: =AB25 -> 16 | AE24: =AD24-AC24 -> 7 | AF24: =T24 -> Berend | AN24: =AL25 | BC24: =AF24 -> Berend | BD24: =AE24 -> 7 | BE24: =AP24 | BF24: =AO24 | BJ24: =sumif(BC$17:BG$24,BC$17:BC$24,BD$17:BH$24) -> 14 | BK24: =BC24:BC31 -> Berend
T25: Won | U25: =SUMIF(U17:U24, ">0", U17:U24) -> 10 | V25: =SUMIF(V17:V24, ">0", V17:V24) -> 5 | W25: =SUMIF(W17:W24, ">0", W17:W24) -> 10 | X25: =SUMIF(X17:X24, ">0", X17:X24) -> 8 | Y25: =SUMIF(Y17:Y24, ">0", Y17:Y24) -> 7 | Z25: =SUMIF(Z17:Z24, ">0", Z17:Z24) -> 13 | AA25: =SUMIF(AA17:AA24, ">0", AA17:AA24) -> 9 | AB25: =SUMIF(AB17:AB24, ">0", AB17:AB24) -> 16 | AE25: =SUMIF(AE17:AE24,">0",AE17:AE24)+1 -> 21
B27: =A10 -> Quarter Final 1 | C27: =B10 -> Jesse | E27: =B11 -> Arjan | H27: =C12 -> Semifinal 1 | I27: =D12 -> Jesse | K27: =D13 -> Tjeard | N27: =E14 -> Final | O27: =F14 -> Jesse | Q27: =F15 -> Berend
B28: Exchange 1 | C28: =IF(AND(D28>0,E28>0), 0, D28) -> 2 | D28: 2 | F28: =IF(AND(D28>0,E28>0), 0, E28) | H28: Exchange 1 | I28: =IF(AND(J28>0,K28>0), 0, J28) -> 2 | J28: 2 | L28: =IF(AND(J28>0,K28>0), 0, K28) | N28: Exchange 1 | O28: =IF(AND(P28>0,Q28>0), 0, P28) -> 2 | P28: 2 | R28: =IF(AND(P28>0,Q28>0), 0, Q28)
B29: Exchange 2 | C29: =IF(AND(D29>0,E29>0), 0, D29) -> 0 | D29: 2 | E29: 2 | F29: =IF(AND(D29>0,E29>0), 0, E29) -> 0 | H29: Exchange 2 | I29: =IF(AND(J29>0,K29>0), 0, J29) -> 3 | J29: 3 | L29: =IF(AND(J29>0,K29>0), 0, K29) | N29: Exchange 2 | O29: =IF(AND(P29>0,Q29>0), 0, P29) | Q29: 2 | R29: =IF(AND(P29>0,Q29>0), 0, Q29) -> 2
B30: Exchange 3 | C30: =IF(AND(D30>0,E30>0), 0, D30) -> 2 | D30: 2 | F30: =IF(AND(D30>0,E30>0), 0, E30) | H30: Exchange 3 | I30: =IF(AND(J30>0,K30>0), 0, J30) -> 2 | J30: 2 | L30: =IF(AND(J30>0,K30>0), 0, K30) | N30: Exchange 3 | O30: =IF(AND(P30>0,Q30>0), 0, P30) | R30: =IF(AND(P30>0,Q30>0), 0, Q30)
B31: Exchange 4 | C31: =IF(AND(D31>0,E31>0), 0, D31) | E31: 2 | F31: =IF(AND(D31>0,E31>0), 0, E31) -> 2 | H31: Exchange 4 | I31: =IF(AND(J31>0,K31>0), 0, J31) -> 0 | J31: 2 | K31: 2 | L31: =IF(AND(J31>0,K31>0), 0, K31) -> 0 | N31: Exchange 4 | O31: =IF(AND(P31>0,Q31>0), 0, P31) -> 2 | P31: 2 | R31: =IF(AND(P31>0,Q31>0), 0, Q31)
B32: Exchange 5 | C32: =IF(AND(D32>0,E32>0), 0, D32) -> 0 | D32: 3 | E32: 2 | F32: =IF(AND(D32>0,E32>0), 0, E32) -> 0 | H32: Exchange 5 | I32: =IF(AND(J32>0,K32>0), 0, J32) -> 2 | J32: 2 | L32: =IF(AND(J32>0,K32>0), 0, K32) | N32: Exchange 5 | O32: =IF(AND(P32>0,Q32>0), 0, P32) -> 2 | P32: 2 | R32: =IF(AND(P32>0,Q32>0), 0, Q32)
B33: Exchange 6 | C33: =IF(AND(D33>0,E33>0), 0, D33) -> 0 | D33: 2 | E33: 3 | F33: =IF(AND(D33>0,E33>0), 0, E33) -> 0 | H33: Exchange 6 | I33: =IF(AND(J33>0,K33>0), 0, J33) | K33: 3 | L33: =IF(AND(J33>0,K33>0), 0, K33) -> 3 | N33: Exchange 6 | O33: =IF(AND(P33>0,Q33>0), 0, P33) | Q33: 3 | R33: =IF(AND(P33>0,Q33>0), 0, Q33) -> 3
B34: Exchange 7 | C34: =IF(AND(D34>0,E34>0), 0, D34) -> 2 | D34: 2 | F34: =IF(AND(D34>0,E34>0), 0, E34) | H34: Exchange 7 | I34: =IF(AND(J34>0,K34>0), 0, J34) | K34: 3 | L34: =IF(AND(J34>0,K34>0), 0, K34) -> 3 | N34: Exchange 7 | O34: =IF(AND(P34>0,Q34>0), 0, P34) -> 0 | P34: 2 | Q34: 3 | R34: =IF(AND(P34>0,Q34>0), 0, Q34) -> 0
B35: Exchange 8 | C35: =IF(AND(D35>0,E35>0), 0, D35) -> 2 | D35: 2 | F35: =IF(AND(D35>0,E35>0), 0, E35) | H35: Exchange 8 | I35: =IF(AND(J35>0,K35>0), 0, J35) -> 2 | J35: 2 | L35: =IF(AND(J35>0,K35>0), 0, K35) | N35: Exchange 8 | O35: =IF(AND(P35>0,Q35>0), 0, P35) -> 0 | P35: 2 | Q35: 2 | R35: =IF(AND(P35>0,Q35>0), 0, Q35) -> 0
B36: Exchange 9 | C36: =IF(AND(D36>0,E36>0), 0, D36) -> 2 | D36: 2 | F36: =IF(AND(D36>0,E36>0), 0, E36) | H36: Exchange 9 | I36: =IF(AND(J36>0,K36>0), 0, J36) | K36: 2 | L36: =IF(AND(J36>0,K36>0), 0, K36) -> 2 | N36: Exchange 9 | O36: =IF(AND(P36>0,Q36>0), 0, P36) -> 2 | P36: 2 | R36: =IF(AND(P36>0,Q36>0), 0, Q36)
B37: Exchange 10 | C37: =IF(AND(D37>0,E37>0), 0, D37) | E37: 3 | F37: =IF(AND(D37>0,E37>0), 0, E37) -> 3 | H37: Exchange 10 | I37: =IF(AND(J37>0,K37>0), 0, J37) -> 2 | J37: 2 | L37: =IF(AND(J37>0,K37>0), 0, K37) | N37: Exchange 10 | O37: =IF(AND(P37>0,Q37>0), 0, P37) -> 0 | P37: 2 | Q37: 2 | R37: =IF(AND(P37>0,Q37>0), 0, Q37) -> 0
B38: Exchange 11 | C38: =IF(AND(D38>0,E38>0), 0, D38) -> 0 | D38: 2 | E38: 2 | F38: =IF(AND(D38>0,E38>0), 0, E38) -> 0 | H38: Exchange 11 | I38: =IF(AND(J38>0,K38>0), 0, J38) -> 2 | J38: 2 | L38: =IF(AND(J38>0,K38>0), 0, K38) | N38: Exchange 11 | O38: =IF(AND(P38>0,Q38>0), 0, P38) | Q38: 2 | R38: =IF(AND(P38>0,Q38>0), 0, Q38) -> 2
B39: Exchange 12 | C39: =IF(AND(D39>0,E39>0), 0, D39) | F39: =IF(AND(D39>0,E39>0), 0, E39) | H39: Exchange 12 | I39: =IF(AND(J39>0,K39>0), 0, J39) | K39: 1 | L39: =IF(AND(J39>0,K39>0), 0, K39) -> 1 | N39: Exchange 12 | O39: =IF(AND(P39>0,Q39>0), 0, P39) | Q39: 2 | R39: =IF(AND(P39>0,Q39>0), 0, Q39) -> 2
B40: Exchange 13 | C40: =IF(AND(D40>0,E40>0), 0, D40) | F40: =IF(AND(D40>0,E40>0), 0, E40) | H40: Exchange 13 | I40: =IF(AND(J40>0,K40>0), 0, J40) | L40: =IF(AND(J40>0,K40>0), 0, K40) | N40: Exchange 13 | O40: =IF(AND(P40>0,Q40>0), 0, P40) | R40: =IF(AND(P40>0,Q40>0), 0, Q40)
B41: Exchange 14 | C41: =IF(AND(D41>0,E41>0), 0, D41) | F41: =IF(AND(D41>0,E41>0), 0, E41) | H41: Exchange 14 | I41: =IF(AND(J41>0,K41>0), 0, J41) | L41: =IF(AND(J41>0,K41>0), 0, K41) | N41: Exchange 14 | O41: =IF(AND(P41>0,Q41>0), 0, P41) | R41: =IF(AND(P41>0,Q41>0), 0, Q41)
B42: Exchange 15 | C42: =IF(AND(D42>0,E42>0), 0, D42) | F42: =IF(AND(D42>0,E42>0), 0, E42) | H42: Exchange 15 | I42: =IF(AND(J42>0,K42>0), 0, J42) | L42: =IF(AND(J42>0,K42>0), 0, K42) | N42: Exchange 15 | O42: =IF(AND(P42>0,Q42>0), 0, P42) | R42: =IF(AND(P42>0,Q42>0), 0, Q42)
B43: Exchange 16 | C43: =IF(AND(D43>0,E43>0), 0, D43) | F43: =IF(AND(D43>0,E43>0), 0, E43) | H43: Exchange 16 | I43: =IF(AND(J43>0,K43>0), 0, J43) | L43: =IF(AND(J43>0,K43>0), 0, K43) | N43: Exchange 16 | O43: =IF(AND(P43>0,Q43>0), 0, P43) | R43: =IF(AND(P43>0,Q43>0), 0, Q43)
B44: Exchange 17 | C44: =IF(AND(D44>0,E44>0), 0, D44) | F44: =IF(AND(D44>0,E44>0), 0, E44) | H44: Exchange 17 | I44: =IF(AND(J44>0,K44>0), 0, J44) | L44: =IF(AND(J44>0,K44>0), 0, K44) | N44: Exchange 17 | O44: =IF(AND(P44>0,Q44>0), 0, P44) | R44: =IF(AND(P44>0,Q44>0), 0, Q44)
B45: Exchange 18 | C45: =IF(AND(D45>0,E45>0), 0, D45) | F45: =IF(AND(D45>0,E45>0), 0, E45) | H45: Exchange 18 | I45: =IF(AND(J45>0,K45>0), 0, J45) | L45: =IF(AND(J45>0,K45>0), 0, K45) | N45: Exchange 18 | O45: =IF(AND(P45>0,Q45>0), 0, P45) | R45: =IF(AND(P45>0,Q45>0), 0, Q45)
B46: Exchange 19 | C46: =IF(AND(D46>0,E46>0), 0, D46) | F46: =IF(AND(D46>0,E46>0), 0, E46) | H46: Exchange 19 | I46: =IF(AND(J46>0,K46>0), 0, J46) | L46: =IF(AND(J46>0,K46>0), 0, K46) | N46: Exchange 19 | O46: =IF(AND(P46>0,Q46>0), 0, P46) | R46: =IF(AND(P46>0,Q46>0), 0, Q46)
B47: Exchange 20 | C47: =IF(AND(D47>0,E47>0), 0, D47) | F47: =IF(AND(D47>0,E47>0), 0, E47) | H47: Exchange 20 | I47: =IF(AND(J47>0,K47>0), 0, J47) | L47: =IF(AND(J47>0,K47>0), 0, K47) | N47: Exchange 20 | O47: =IF(AND(P47>0,Q47>0), 0, P47) | R47: =IF(AND(P47>0,Q47>0), 0, Q47)
B48: Won Points | C48: =SUM(C28:C47) -> 10 | D48: =COUNTIFS(D28:D47, "<>0", D28:D47, "<>", E28:E47, "<>0", E28:E47, "<>") -> 4 | E48: =COUNTIFS(D28:D47, "<>0", D28:D47, "<>", E28:E47, "<>0", E28:E47, "<>") -> 4 | F48: =SUM(F28:F47) -> 5 | H48: Won Points | I48: =SUM(I28:I47) -> 15 | J48: =COUNTIFS(J28:J47, "<>0", J28:J47, "<>", K28:K47, "<>0", K28:K47, "<>") -> 1 | K48: =COUNTIFS(J28:J47, "<>0", J28:J47, "<>", K28:K47, "<>0", K28:K47, "<>") -> 1 | L48: =SUM(L28:L47) -> 9 | N48: Won Points | O48: =SUM(O28:O47) -> 8 | P48: =COUNTIFS(P28:P47, "<>0", P28:P47, "<>", Q28:Q47, "<>0", Q28:Q47, "<>") -> 3 | Q48: =COUNTIFS(P28:P47, "<>0", P28:P47, "<>", Q28:Q47, "<>0", Q28:Q47, "<>") -> 3 | R48: =SUM(R28:R47) -> 9
B49: Won Match | C49: =D49 -> 1 | D49: =IF(C48>F48, 1, (IF(C48=F48, 0, -1))) -> 1 | E49: =IF(F48>C48, 1, (IF(F48=C48, 0, -1))) -> -1 | F49: =E49 -> -1 | H49: Won Match | I49: =J49 -> 1 | J49: =IF(I48>L48, 1, (IF(I48=L48, 0, -1))) -> 1 | K49: =IF(L48>I48, 1, (IF(L48=I48, 0, -1))) -> -1 | L49: =K49 -> -1 | N49: Won Match | O49: =P49 -> -1 | P49: =IF(O48>R48, 1, (IF(O48=R48, 0, -1))) -> -1 | Q49: =IF(R48>O48, 1, (IF(R48=O48, 0, -1))) -> 1 | R49: =Q49 -> 1
D50: Winner: | E50: =IF(D49=1,C27,IF(E49=1,E27,0)) -> Jesse | J50: Winner: | K50: =IF(J49=1,I27,IF(K49=1,K27,0)) -> Jesse | P50: Gold: | Q50: =IF(P49=1,O27,IF(Q49=1,Q27,0)) -> Berend
J51: Loser: | K51: =IF(J49=-1,I27,IF(K49=-1,K27,0)) -> Tjeard | P51: Silver: | Q51: =IF(P49=-1,O27,IF(Q49=-1,Q27,0)) -> Jesse
B53: =A13 -> Quarter Final 2 | C53: =B13 -> Tjeard | E53: =B14 -> Rory | H53: =C18 -> Semifinal 2 | I53: =D17 -> Eminence Bruin | K53: =D18 -> Berend | N53: =E21 -> Bronze | O53: =F21 -> Tjeard | Q53: =F22 -> Eminence Bruin
B54: Exchange 1 | C54: =IF(AND(D54>0,E54>0), 0, D54) | F54: =IF(AND(D54>0,E54>0), 0, E54) | H54: Exchange 1 | I54: =IF(AND(J54>0,K54>0), 0, J54) | L54: =IF(AND(J54>0,K54>0), 0, K54) | N54: Exchange 1 | O54: =IF(AND(P54>0,Q54>0), 0, P54) | Q54: 3 | R54: =IF(AND(P54>0,Q54>0), 0, Q54) -> 3
B55: Exchange 2 | C55: =IF(AND(D55>0,E55>0), 0, D55) | E55: 2 | F55: =IF(AND(D55>0,E55>0), 0, E55) -> 2 | H55: Exchange 2 | I55: =IF(AND(J55>0,K55>0), 0, J55) | K55: 3 | L55: =IF(AND(J55>0,K55>0), 0, K55) -> 3 | N55: Exchange 2 | O55: =IF(AND(P55>0,Q55>0), 0, P55) -> 0 | P55: 2 | Q55: 2 | R55: =IF(AND(P55>0,Q55>0), 0, Q55) -> 0
B56: Exchange 3 | C56: =IF(AND(D56>0,E56>0), 0, D56) | E56: 2 | F56: =IF(AND(D56>0,E56>0), 0, E56) -> 2 | H56: Exchange 3 | I56: =IF(AND(J56>0,K56>0), 0, J56) | K56: 3 | L56: =IF(AND(J56>0,K56>0), 0, K56) -> 3 | N56: Exchange 3 | O56: =IF(AND(P56>0,Q56>0), 0, P56) -> 2 | P56: 2 | R56: =IF(AND(P56>0,Q56>0), 0, Q56)
B57: Exchange 4 | C57: =IF(AND(D57>0,E57>0), 0, D57) -> 2 | D57: 2 | F57: =IF(AND(D57>0,E57>0), 0, E57) | H57: Exchange 4 | I57: =IF(AND(J57>0,K57>0), 0, J57) -> 2 | J57: 2 | L57: =IF(AND(J57>0,K57>0), 0, K57) | N57: Exchange 4 | O57: =IF(AND(P57>0,Q57>0), 0, P57) -> 0 | P57: 3 | Q57: 2 | R57: =IF(AND(P57>0,Q57>0), 0, Q57) -> 0
B58: Exchange 5 | C58: =IF(AND(D58>0,E58>0), 0, D58) -> 3 | D58: 3 | F58: =IF(AND(D58>0,E58>0), 0, E58) | H58: Exchange 5 | I58: =IF(AND(J58>0,K58>0), 0, J58) | L58: =IF(AND(J58>0,K58>0), 0, K58) | N58: Exchange 5 | O58: =IF(AND(P58>0,Q58>0), 0, P58) -> 0 | P58: 2 | Q58: 2 | R58: =IF(AND(P58>0,Q58>0), 0, Q58) -> 0
B59: Exchange 6 | C59: =IF(AND(D59>0,E59>0), 0, D59) | E59: 2 | F59: =IF(AND(D59>0,E59>0), 0, E59) -> 2 | H59: Exchange 6 | I59: =IF(AND(J59>0,K59>0), 0, J59) -> 0 | J59: 2 | K59: 3 | L59: =IF(AND(J59>0,K59>0), 0, K59) -> 0 | N59: Exchange 6 | O59: =IF(AND(P59>0,Q59>0), 0, P59) -> 0 | P59: 3 | Q59: 2 | R59: =IF(AND(P59>0,Q59>0), 0, Q59) -> 0
B60: Exchange 7 | C60: =IF(AND(D60>0,E60>0), 0, D60) -> 2 | D60: 2 | F60: =IF(AND(D60>0,E60>0), 0, E60) | H60: Exchange 7 | I60: =IF(AND(J60>0,K60>0), 0, J60) | K60: 2 | L60: =IF(AND(J60>0,K60>0), 0, K60) -> 2 | N60: Exchange 7 | O60: =IF(AND(P60>0,Q60>0), 0, P60) | R60: =IF(AND(P60>0,Q60>0), 0, Q60)
B61: Exchange 8 | C61: =IF(AND(D61>0,E61>0), 0, D61) -> 0 | D61: 2 | E61: 2 | F61: =IF(AND(D61>0,E61>0), 0, E61) -> 0 | H61: Exchange 8 | I61: =IF(AND(J61>0,K61>0), 0, J61) | L61: =IF(AND(J61>0,K61>0), 0, K61) | N61: Exchange 8 | O61: =IF(AND(P61>0,Q61>0), 0, P61) | Q61: 2 | R61: =IF(AND(P61>0,Q61>0), 0, Q61) -> 2
B62: Exchange 9 | C62: =IF(AND(D62>0,E62>0), 0, D62) -> 0 | D62: 3 | E62: 2 | F62: =IF(AND(D62>0,E62>0), 0, E62) -> 0 | H62: Exchange 9 | I62: =IF(AND(J62>0,K62>0), 0, J62) -> 0 | J62: 2 | K62: 2 | L62: =IF(AND(J62>0,K62>0), 0, K62) -> 0 | N62: Exchange 9 | O62: =IF(AND(P62>0,Q62>0), 0, P62) -> 2 | P62: 2 | R62: =IF(AND(P62>0,Q62>0), 0, Q62)
B63: Exchange 10 | C63: =IF(AND(D63>0,E63>0), 0, D63) -> 0 | D63: 2 | E63: 2 | F63: =IF(AND(D63>0,E63>0), 0, E63) -> 0 | H63: Exchange 10 | I63: =IF(AND(J63>0,K63>0), 0, J63) | K63: 3 | L63: =IF(AND(J63>0,K63>0), 0, K63) -> 3 | N63: Exchange 10 | O63: =IF(AND(P63>0,Q63>0), 0, P63) -> 2 | P63: 2 | R63: =IF(AND(P63>0,Q63>0), 0, Q63)
B64: Exchange 11 | C64: =IF(AND(D64>0,E64>0), 0, D64) | E64: 2 | F64: =IF(AND(D64>0,E64>0), 0, E64) -> 2 | H64: Exchange 11 | I64: =IF(AND(J64>0,K64>0), 0, J64) -> 3 | J64: 3 | L64: =IF(AND(J64>0,K64>0), 0, K64) | N64: Exchange 11 | O64: =IF(AND(P64>0,Q64>0), 0, P64) -> 2 | P64: 2 | R64: =IF(AND(P64>0,Q64>0), 0, Q64)
B65: Exchange 12 | C65: =IF(AND(D65>0,E65>0), 0, D65) -> 3 | D65: 3 | F65: =IF(AND(D65>0,E65>0), 0, E65) | H65: Exchange 12 | I65: =IF(AND(J65>0,K65>0), 0, J65) | L65: =IF(AND(J65>0,K65>0), 0, K65) | N65: Exchange 12 | O65: =IF(AND(P65>0,Q65>0), 0, P65) -> 2 | P65: 2 | R65: =IF(AND(P65>0,Q65>0), 0, Q65)
B66: Exchange 13 | C66: =IF(AND(D66>0,E66>0), 0, D66) | F66: =IF(AND(D66>0,E66>0), 0, E66) | H66: Exchange 13 | I66: =IF(AND(J66>0,K66>0), 0, J66) | L66: =IF(AND(J66>0,K66>0), 0, K66) | N66: Exchange 13 | O66: =IF(AND(P66>0,Q66>0), 0, P66) | R66: =IF(AND(P66>0,Q66>0), 0, Q66)
B67: Exchange 14 | C67: =IF(AND(D67>0,E67>0), 0, D67) | F67: =IF(AND(D67>0,E67>0), 0, E67) | H67: Exchange 14 | I67: =IF(AND(J67>0,K67>0), 0, J67) | L67: =IF(AND(J67>0,K67>0), 0, K67) | N67: Exchange 14 | O67: =IF(AND(P67>0,Q67>0), 0, P67) | Q67: 3 | R67: =IF(AND(P67>0,Q67>0), 0, Q67) -> 3
B68: Exchange 15 | C68: =IF(AND(D68>0,E68>0), 0, D68) | F68: =IF(AND(D68>0,E68>0), 0, E68) | H68: Exchange 15 | I68: =IF(AND(J68>0,K68>0), 0, J68) | L68: =IF(AND(J68>0,K68>0), 0, K68) | N68: Exchange 15 | O68: =IF(AND(P68>0,Q68>0), 0, P68) | R68: =IF(AND(P68>0,Q68>0), 0, Q68)
B69: Exchange 16 | C69: =IF(AND(D69>0,E69>0), 0, D69) | F69: =IF(AND(D69>0,E69>0), 0, E69) | H69: Exchange 16 | I69: =IF(AND(J69>0,K69>0), 0, J69) | L69: =IF(AND(J69>0,K69>0), 0, K69) | N69: Exchange 16 | O69: =IF(AND(P69>0,Q69>0), 0, P69) | R69: =IF(AND(P69>0,Q69>0), 0, Q69)
B70: Exchange 17 | C70: =IF(AND(D70>0,E70>0), 0, D70) | F70: =IF(AND(D70>0,E70>0), 0, E70) | H70: Exchange 17 | I70: =IF(AND(J70>0,K70>0), 0, J70) | L70: =IF(AND(J70>0,K70>0), 0, K70) | N70: Exchange 17 | O70: =IF(AND(P70>0,Q70>0), 0, P70) | R70: =IF(AND(P70>0,Q70>0), 0, Q70)
B71: Exchange 18 | C71: =IF(AND(D71>0,E71>0), 0, D71) | F71: =IF(AND(D71>0,E71>0), 0, E71) | H71: Exchange 18 | I71: =IF(AND(J71>0,K71>0), 0, J71) | L71: =IF(AND(J71>0,K71>0), 0, K71) | N71: Exchange 18 | O71: =IF(AND(P71>0,Q71>0), 0, P71) | R71: =IF(AND(P71>0,Q71>0), 0, Q71)
B72: Exchange 19 | C72: =IF(AND(D72>0,E72>0), 0, D72) | F72: =IF(AND(D72>0,E72>0), 0, E72) | H72: Exchange 19 | I72: =IF(AND(J72>0,K72>0), 0, J72) | L72: =IF(AND(J72>0,K72>0), 0, K72) | N72: Exchange 19 | O72: =IF(AND(P72>0,Q72>0), 0, P72) | R72: =IF(AND(P72>0,Q72>0), 0, Q72)
B73: Exchange 20 | C73: =IF(AND(D73>0,E73>0), 0, D73) | F73: =IF(AND(D73>0,E73>0), 0, E73) | H73: Exchange 20 | I73: =IF(AND(J73>0,K73>0), 0, J73) | L73: =IF(AND(J73>0,K73>0), 0, K73) | N73: Exchange 20 | O73: =IF(AND(P73>0,Q73>0), 0, P73) | R73: =IF(AND(P73>0,Q73>0), 0, Q73)
B74: Won Points | C74: =SUM(C54:C73) -> 10 | D74: =COUNTIFS(D54:D73, "<>0", D54:D73, "<>", E54:E73, "<>0", E54:E73, "<>") -> 3 | E74: =COUNTIFS(D54:D73, "<>0", D54:D73, "<>", E54:E73, "<>0", E54:E73, "<>") -> 3 | F74: =SUM(F54:F73) -> 8 | H74: Won Points | I74: =SUM(I54:I73) -> 5 | J74: =COUNTIFS(J54:J73, "<>0", J54:J73, "<>", K54:K73, "<>0", K54:K73, "<>") -> 2 | K74: =COUNTIFS(J54:J73, "<>0", J54:J73, "<>", K54:K73, "<>0", K54:K73, "<>") -> 2 | L74: =SUM(L54:L73) -> 11 | N74: Won Points | O74: =SUM(O54:O73) -> 10 | P74: =COUNTIFS(P54:P73, "<>0", P54:P73, "<>", Q54:Q73, "<>0", Q54:Q73, "<>") -> 4 | Q74: =COUNTIFS(P54:P73, "<>0", P54:P73, "<>", Q54:Q73, "<>0", Q54:Q73, "<>") -> 4 | R74: =SUM(R54:R73) -> 8
B75: Won Match | C75: =D75 -> 1 | D75: =IF(C74>F74, 1, (IF(C74=F74, 0, -1))) -> 1 | E75: =IF(F74>C74, 1, (IF(F74=C74, 0, -1))) -> -1 | F75: =E75 -> -1 | H75: Won Match | I75: =J75 -> -1 | J75: =IF(I74>L74, 1, (IF(I74=L74, 0, -1))) -> -1 | K75: =IF(L74>I74, 1, (IF(L74=I74, 0, -1))) -> 1 | L75: =K75 -> 1 | N75: Won Match | O75: =P75 -> 1 | P75: =IF(O74>R74, 1, (IF(O74=R74, 0, -1))) -> 1 | Q75: =IF(R74>O74, 1, (IF(R74=O74, 0, -1))) -> -1 | R75: =Q75 -> -1
D76: Winner: | E76: =IF(D75=1,C53,IF(E75=1,E53,0)) -> Tjeard | J76: Winner: | K76: =IF(J75=1,I53,IF(K75=1,K53,0)) -> Berend | P76: Bronze: | Q76: =IF(P75=1,O53,IF(Q75=1,Q53,0)) -> Tjeard
J77: Loser: | K77: =IF(J75=-1,I53,IF(K75=-1,K53,0)) -> Eminence Bruin | P77: Lead?: | Q77: =IF(P75=-1,O53,IF(Q75=-1,Q53,0)) -> Eminence Bruin
B79: =A16 -> Quarter Final 3 | C79: =B16 -> Tim the Burgundy Enchanter | E79: =B17 -> Eminence Bruin
B80: Exchange 1 | C80: =IF(AND(D80>0,E80>0), 0, D80) | E80: 2 | F80: =IF(AND(D80>0,E80>0), 0, E80) -> 2
B81: Exchange 2 | C81: =IF(AND(D81>0,E81>0), 0, D81) | E81: 3 | F81: =IF(AND(D81>0,E81>0), 0, E81) -> 3
B82: Exchange 3 | C82: =IF(AND(D82>0,E82>0), 0, D82) | E82: 2 | F82: =IF(AND(D82>0,E82>0), 0, E82) -> 2
B83: Exchange 4 | C83: =IF(AND(D83>0,E83>0), 0, D83) -> 2 | D83: 2 | F83: =IF(AND(D83>0,E83>0), 0, E83)
B84: Exchange 5 | C84: =IF(AND(D84>0,E84>0), 0, D84) | F84: =IF(AND(D84>0,E84>0), 0, E84)
B85: Exchange 6 | C85: =IF(AND(D85>0,E85>0), 0, D85) -> 0 | D85: 3 | E85: 2 | F85: =IF(AND(D85>0,E85>0), 0, E85) -> 0
B86: Exchange 7 | C86: =IF(AND(D86>0,E86>0), 0, D86) | F86: =IF(AND(D86>0,E86>0), 0, E86)
B87: Exchange 8 | C87: =IF(AND(D87>0,E87>0), 0, D87) | E87: 3 | F87: =IF(AND(D87>0,E87>0), 0, E87) -> 3
B88: Exchange 9 | C88: =IF(AND(D88>0,E88>0), 0, D88) -> 0 | D88: 3 | E88: 2 | F88: =IF(AND(D88>0,E88>0), 0, E88) -> 0
B89: Exchange 10 | C89: =IF(AND(D89>0,E89>0), 0, D89) -> 3 | D89: 3 | F89: =IF(AND(D89>0,E89>0), 0, E89)
B90: Exchange 11 | C90: =IF(AND(D90>0,E90>0), 0, D90) | E90: 3 | F90: =IF(AND(D90>0,E90>0), 0, E90) -> 3
B91: Exchange 12 | C91: =IF(AND(D91>0,E91>0), 0, D91) -> 2 | D91: 2 | F91: =IF(AND(D91>0,E91>0), 0, E91)
B92: Exchange 13 | C92: =IF(AND(D92>0,E92>0), 0, D92) | F92: =IF(AND(D92>0,E92>0), 0, E92)
B93: Exchange 14 | C93: =IF(AND(D93>0,E93>0), 0, D93) | F93: =IF(AND(D93>0,E93>0), 0, E93)
B94: Exchange 15 | C94: =IF(AND(D94>0,E94>0), 0, D94) | F94: =IF(AND(D94>0,E94>0), 0, E94)
B95: Exchange 16 | C95: =IF(AND(D95>0,E95>0), 0, D95) | F95: =IF(AND(D95>0,E95>0), 0, E95)
B96: Exchange 17 | C96: =IF(AND(D96>0,E96>0), 0, D96) | F96: =IF(AND(D96>0,E96>0), 0, E96)
B97: Exchange 18 | C97: =IF(AND(D97>0,E97>0), 0, D97) | F97: =IF(AND(D97>0,E97>0), 0, E97)
B98: Exchange 19 | C98: =IF(AND(D98>0,E98>0), 0, D98) | F98: =IF(AND(D98>0,E98>0), 0, E98)
B99: Exchange 20 | C99: =IF(AND(D99>0,E99>0), 0, D99) | F99: =IF(AND(D99>0,E99>0), 0, E99)
B100: Won Points | C100: =SUM(C80:C99) -> 7 | D100: =COUNTIFS(D80:D99, "<>0", D80:D99, "<>", E80:E99, "<>0", E80:E99, "<>") -> 2 | E100: =COUNTIFS(D80:D99, "<>0", D80:D99, "<>", E80:E99, "<>0", E80:E99, "<>") -> 2 | F100: =SUM(F80:F99) -> 13
B101: Won Match | C101: =D101 -> -1 | D101: =IF(C100>F100, 1, (IF(C100=F100, 0, -1))) -> -1 | E101: =IF(F100>C100, 1, (IF(F100=C100, 0, -1))) -> 1 | F101: =E101 -> 1
D102: Winner: | E102: =IF(D101=1,C79,IF(E101=1,E79,0)) -> Eminence Bruin
B105: =A19 -> Quarter Final 4 | C105: =B19 -> Teun | E105: =B20 -> Berend
B106: Exchange 1 | C106: =IF(AND(D106>0,E106>0), 0, D106) | E106: 3 | F106: =IF(AND(D106>0,E106>0), 0, E106) -> 3
...

Sheet Showcase
B2: Pool 1 | D2: Pool 2 | F2: Pool 3 | I2: {=Eliminations!N2:O17} -> Bronze Sorted | M2: Pool 1 | R2: Pool 3
B3: Wins-Loses | C3: Ranking | D3: Wins-Loses | E3: Ranking | F3: Wins-Loses | G3: Ranking | I3: Teun | J3: 0.942 | L3: {=Pool_1!L3:O17} -> Match 1 | M3: Ronald | N3: Diego | Q3: {=Pool_3!L3:O17} -> Match 1 | R3: Mittens | S3: Berend
B4: =Pool_1!AG4 -> 1.953 | C4: =Pool_1!AH4 -> Tim the Burgundy Enchanter | D4: =Pool_2!AG4 -> 4.927 | E4: =Pool_2!AH4 -> Jesse | F4: =Pool_3!AG4 -> 2.854 | G4: =Pool_3!AH4 -> Berend | H4: Gold | I4: Arjan | J4: 0.868 | L4: Match 2 | M4: Eminence Bruin | N4: Teake | Q4: Match 2 | R4: Judith | S4: Frank
B5: =Pool_1!AG5 -> 1.887 | C5: =Pool_1!AH5 -> Eminence Bruin | D5: =Pool_2!AG5 -> 1.893 | E5: =Pool_2!AH5 -> Rory | F5: =Pool_3!AG5 -> 2.829 | G5: =Pool_3!AH5 -> Tjeard | H5: Silver | I5: Mittens | J5: -1.068 | L5: Match 3 | M5: Tim the Burgundy Enchanter | N5: Teun | Q5: Match 3 | R5: Tjeard | S5: Daniel
B6: =Pool_1!AG6 -> 0.942 | C6: =Pool_1!AH6 -> Teun | D6: =Pool_2!AG6 -> 0.868 | E6: =Pool_2!AH6 -> Arjan | F6: =Pool_3!AG6 -> -1.068 | G6: =Pool_3!AH6 -> Mittens | H6: Bronze | L6: Match 4 | M6: Ronald | N6: Teake | Q6: Match 4 | R6: Mittens | S6: Frank
B7: =Pool_1!AG7 -> 0.901 | C7: =Pool_1!AH7 -> Ronald | D7: =Pool_2!AG7 -> -1.087 | E7: =Pool_2!AH7 -> Maarten | F7: =Pool_3!AG7 -> -1.152 | G7: =Pool_3!AH7 -> Judith | L7: Match 5 | M7: Diego | N7: Eminence Bruin | Q7: Match 5 | R7: Berend | S7: Judith
B8: =Pool_1!AG8 -> -1.099 | C8: =Pool_1!AH8 -> Diego | D8: =Pool_2!AG8 -> -2.108 | E8: =Pool_2!AH8 -> Willem | F8: =Pool_3!AG8 -> -2.12 | G8: =Pool_3!AH8 -> Frank | I8: Silver Sorted | L8: Match 6 | M8: Ronald | N8: Tim the Burgundy Enchanter | Q8: Match 6 | R8: Mittens | S8: Tjeard
B9: =Pool_1!AG9 -> -5.124 | C9: =Pool_1!AH9 -> Teake | D9: =Pool_2!AG9 -> -5.153 | E9: =Pool_2!AH9 -> Eva | F9: =Pool_3!AG9 -> -2.123 | G9: =Pool_3!AH9 -> Daniel | I9: Tjeard | J9: 2.829 | L9: Match 7 | M9: Teun | N9: Teake | Q9: Match 7 | R9: Daniel | S9: Frank
I10: Rory | J10: 1.893 | L10: Match 8 | M10: Eminence Bruin | N10: Ronald | Q10: Match 8 | R10: Judith | S10: Mittens
I11: Eminence Bruin | J11: 1.887 | L11: Match 9 | M11: Diego | N11: Tim the Burgundy Enchanter | Q11: Match 9 | R11: Berend | S11: Tjeard
B12: {=Results!K23:L42} -> CLEANEST FIGHTERS | L12: Match 10 | M12: Eminence Bruin | N12: Teun | Q12: Match 10 | R12: Judith | S12: Daniel
B13: Doubles | C13: Figther | L13: Match 11 | M13: Tim the Burgundy Enchanter | N13: Teake | Q13: Match 11 | R13: Tjeard | S13: Frank
B14: -7 | C14: Tim the Burgundy Enchanter | I14: Gold Sorted | L14: Match 12 | M14: Diego | N14: Teun | Q14: Match 12 | R14: Berend | S14: Daniel
B15: -7 | C15: Teun | I15: Jesse | J15: 4.927 | L15: Match 13 | M15: Eminence Bruin | N15: Tim the Burgundy Enchanter | Q15: Match 13 | R15: Judith | S15: Tjeard
B16: -7 | C16: Teake | I16: Berend | J16: 2.854 | L16: Match 14 | M16: Teun | N16: Ronald | Q16: Match 14 | R16: Daniel | S16: Mittens
B17: -7 | C17: Tjeard | I17: Tim the Burgundy Enchanter | J17: 1.953 | L17: Match 15 | M17: Diego | N17: Teake | Q17: Match 15 | R17: Berend | S17: Frank
B18: -7 | C18: Daniel
B19: -7 | C19: Frank | E19: {=Eliminations!A10:F22} -> Quarter Final 1 | F19: Jesse | M19: Pool 2
B20: -8 | C20: Maarten | F20: Arjan | L20: {=Pool_2!L3:O17} -> Match 1 | M20: Maarten | N20: Arjan
B21: -9 | C21: Eva | G21: Semifinal 1 | H21: Jesse | L21: Match 2 | M21: Willem | N21: Jesse
B22: -10 | C22: Ronald | E22: Quarter Final 2 | F22: Tjeard | H22: Tjeard | L22: Match 3 | M22: Eva | N22: Rory
B23: -10 | C23: Mittens | F23: Rory | I23: Final | J23: Jesse | L23: Match 4 | M23: Maarten | N23: Jesse
B24: -11 | C24: Diego | J24: Berend | L24: Match 5 | M24: Arjan | N24: Willem
B25: -11 | C25: Willem | E25: Quarter Final 3 | F25: Tim the Burgundy Enchanter | L25: Match 6 | M25: Maarten | N25: Eva
B26: -11 | C26: Berend | F26: Eminence Bruin | H26: Eminence Bruin | L26: Match 7 | M26: Rory | N26: Jesse
B27: -12 | C27: Eminence Bruin | G27: Semifinal 2 | H27: Berend | L27: Match 8 | M27: Willem | N27: Maarten
B28: -12 | C28: Jesse | E28: Quarter Final 4 | F28: Teun | L28: Match 9 | M28: Arjan | N28: Eva
B29: -12 | C29: Judith | F29: Berend | L29: Match 10 | M29: Willem | N29: Rory
B30: -13 | C30: Arjan | I30: Bronze | J30: Tjeard | L30: Match 11 | M30: Eva | N30: Jesse
B31: -13 | C31: Rory | J31: Eminence Bruin | L31: Match 12 | M31: Arjan | N31: Rory
L32: Match 13 | M32: Willem | N32: Eva
L33: Match 14 | M33: Rory | N33: Maarten
L34: Match 15 | M34: Arjan | N34: Jesse

Sheet Results
B1: DATA | J1: SORTED. FIRST BY MATCHES WON, THEN BY CLEANLINESS, THEN BY POINTS
B2: Matches Won | C2: Matches Lost | D2: Total Matches | E2: Fighter | F2: Points Won | G2: Points Lost | H2: Total Points | J2: {=sort(B2:H20,3,FALSE)} -> Matches Won | K2: Matches Lost | L2: Total Matches | M2: Fighter | N2: Points Won | O2: Points Lost | P2: Total Points
B3: =Pool_1!AB4 -> 2 | C3: =Pool_1!AC4 -> 3 | D3: =Pool_1!AD4 -> -1.099 | E3: =Pool_1!AE4 -> Diego | F3: =Pool_1!AB24 -> 47 | G3: =Pool_1!AC24 -> 36 | H3: =Pool_1!AD24 -> 11 | J3: 5 | K3: 0 | L3: 4.927 | M3: Jesse | N3: 69 | O3: 22 | P3: 47
B4: =Pool_1!AB5 -> 3 | C4: =Pool_1!AC5 -> 1 | D4: =Pool_1!AD5 -> 1.887 | E4: =Pool_1!AE5 -> Eminence Bruin | F4: =Pool_1!AB25 -> 42 | G4: =Pool_1!AC25 -> 35 | H4: =Pool_1!AD25 -> 7 | J4: 4 | K4: 1 | L4: 2.854 | M4: Berend | N4: 57 | O4: 33 | P4: 24
B5: =Pool_1!AB6 -> 3 | C5: =Pool_1!AC6 -> 1 | D5: =Pool_1!AD6 -> 1.953 | E5: =Pool_1!AE6 -> Tim the Burgundy Enchanter | F5: =Pool_1!AB26 -> 60 | G5: =Pool_1!AC26 -> 37 | H5: =Pool_1!AD26 -> 23 | J5: 4 | K5: 1 | L5: 2.829 | M5: Tjeard | N5: 49 | O5: 40 | P5: 9
B6: =Pool_1!AB7 -> 2 | C6: =Pool_1!AC7 -> 1 | D6: =Pool_1!AD7 -> 0.942 | E6: =Pool_1!AE7 -> Teun | F6: =Pool_1!AB27 -> 48 | G6: =Pool_1!AC27 -> 36 | H6: =Pool_1!AD27 -> 12 | J6: 3 | K6: 1 | L6: 1.953 | M6: Tim the Burgundy Enchanter | N6: 60 | O6: 37 | P6: 23
B7: =Pool_1!AB8 -> 0 | C7: =Pool_1!AC8 -> 5 | D7: =Pool_1!AD8 -> -5.124 | E7: =Pool_1!AE8 -> Teake | F7: =Pool_1!AB28 -> 19 | G7: =Pool_1!AC28 -> 73 | H7: =Pool_1!AD28 -> -54 | J7: 3 | K7: 1 | L7: 1.893 | M7: Rory | N7: 53 | O7: 30 | P7: 23
B8: =Pool_1!AB9 -> 3 | C8: =Pool_1!AC9 -> 2 | D8: =Pool_1!AD9 -> 0.901 | E8: =Pool_1!AE9 -> Ronald | F8: =Pool_1!AB29 -> 46 | G8: =Pool_1!AC29 -> 45 | H8: =Pool_1!AD29 -> 1 | J8: 3 | K8: 1 | L8: 1.887 | M8: Eminence Bruin | N8: 42 | O8: 35 | P8: 7
B9: =Pool_2!AB4 -> 3 | C9: =Pool_2!AC4 -> 2 | D9: =Pool_2!AD4 -> 0.868 | E9: =Pool_2!AE4 -> Arjan | F9: =Pool_2!AB24 -> 39 | G9: =Pool_2!AC24 -> 41 | H9: =Pool_2!AD24 -> -2 | J9: 2 | K9: 1 | L9: 0.942 | M9: Teun | N9: 48 | O9: 36 | P9: 12
B10: =Pool_2!AB5 -> 1 | C10: =Pool_2!AC5 -> 3 | D10: =Pool_2!AD5 -> -2.108 | E10: =Pool_2!AE5 -> Willem | F10: =Pool_2!AB25 -> 46 | G10: =Pool_2!AC25 -> 44 | H10: =Pool_2!AD25 -> 2 | J10: 3 | K10: 2 | L10: 0.901 | M10: Ronald | N10: 46 | O10: 45 | P10: 1
B11: =Pool_2!AB6 -> 0 | C11: =Pool_2!AC6 -> 5 | D11: =Pool_2!AD6 -> -5.153 | E11: =Pool_2!AE6 -> Eva | F11: =Pool_2!AB26 -> 10 | G11: =Pool_2!AC26 -> 73 | H11: =Pool_2!AD26 -> -63 | J11: 3 | K11: 2 | L11: 0.868 | M11: Arjan | N11: 39 | O11: 41 | P11: -2
B12: =Pool_2!AB7 -> 3 | C12: =Pool_2!AC7 -> 1 | D12: =Pool_2!AD7 -> 1.893 | E12: =Pool_2!AE7 -> Rory | F12: =Pool_2!AB27 -> 53 | G12: =Pool_2!AC27 -> 30 | H12: =Pool_2!AD27 -> 23 | J12: 2 | K12: 3 | L12: -1.068 | M12: Mittens | N12: 61 | O12: 39 | P12: 22
B13: =Pool_2!AB8 -> 5 | C13: =Pool_2!AC8 -> 0 | D13: =Pool_2!AD8 -> 4.927 | E13: =Pool_2!AE8 -> Jesse | F13: =Pool_2!AB28 -> 69 | G13: =Pool_2!AC28 -> 22 | H13: =Pool_2!AD28 -> 47 | J13: 2 | K13: 3 | L13: -1.087 | M13: Maarten | N13: 44 | O13: 51 | P13: -7
B14: =Pool_2!AB9 -> 2 | C14: =Pool_2!AC9 -> 3 | D14: =Pool_2!AD9 -> -1.087 | E14: =Pool_2!AE9 -> Maarten | F14: =Pool_2!AB29 -> 44 | G14: =Pool_2!AC29 -> 51 | H14: =Pool_2!AD29 -> -7 | J14: 2 | K14: 3 | L14: -1.099 | M14: Diego | N14: 47 | O14: 36 | P14: 11
B15: =Pool_3!AB4 -> 4 | C15: =Pool_3!AC4 -> 1 | D15: =Pool_3!AD4 -> 2.854 | E15: =Pool_3!AE4 -> Berend | F15: =Pool_3!AB24 -> 57 | G15: =Pool_3!AC24 -> 33 | H15: =Pool_3!AD24 -> 24 | J15: 2 | K15: 3 | L15: -1.152 | M15: Judith | N15: 42 | O15: 54 | P15: -12
B16: =Pool_3!AB5 -> 2 | C16: =Pool_3!AC5 -> 3 | D16: =Pool_3!AD5 -> -1.152 | E16: =Pool_3!AE5 -> Judith | F16: =Pool_3!AB25 -> 42 | G16: =Pool_3!AC25 -> 54 | H16: =Pool_3!AD25 -> -12 | J16: 1 | K16: 3 | L16: -2.108 | M16: Willem | N16: 46 | O16: 44 | P16: 2
B17: =Pool_3!AB6 -> 4 | C17: =Pool_3!AC6 -> 1 | D17: =Pool_3!AD6 -> 2.829 | E17: =Pool_3!AE6 -> Tjeard | F17: =Pool_3!AB26 -> 49 | G17: =Pool_3!AC26 -> 40 | H17: =Pool_3!AD26 -> 9 | J17: 1 | K17: 3 | L17: -2.12 | M17: Frank | N17: 35 | O17: 65 | P17: -30
B18: =Pool_3!AB7 -> 1 | C18: =Pool_3!AC7 -> 3 | D18: =Pool_3!AD7 -> -2.123 | E18: =Pool_3!AE7 -> Daniel | F18: =Pool_3!AB27 -> 42 | G18: =Pool_3!AC27 -> 55 | H18: =Pool_3!AD27 -> -13 | J18: 1 | K18: 3 | L18: -2.123 | M18: Daniel | N18: 42 | O18: 55 | P18: -13
B19: =Pool_3!AB8 -> 1 | C19: =Pool_3!AC8 -> 3 | D19: =Pool_3!AD8 -> -2.12 | E19: =Pool_3!AE8 -> Frank | F19: =Pool_3!AB28 -> 35 | G19: =Pool_3!AC28 -> 65 | H19: =Pool_3!AD28 -> -30 | J19: 0 | K19: 5 | L19: -5.124 | M19: Teake | N19: 19 | O19: 73 | P19: -54
B20: =Pool_3!AB9 -> 2 | C20: =Pool_3!AC9 -> 3 | D20: =Pool_3!AD9 -> -1.068 | E20: =Pool_3!AE9 -> Mittens | F20: =Pool_3!AB29 -> 61 | G20: =Pool_3!AC29 -> 39 | H20: =Pool_3!AD29 -> 22 | J20: 0 | K20: 5 | L20: -5.153 | M20: Eva | N20: 10 | O20: 73 | P20: -63
B21: CAVEAT: THIS RESULT DOESN'T TAKE INTO ACCOUNT DIFFERENCES IN POOL BALANCE. | J21: CAVEAT: THIS RESULT DOESN'T TAKE INTO ACCOUNT DIFFERENCES IN POOL BALANCE.
K23: CLEANEST FIGHTERS | N23: SORTED. POOLS + ELIMINATIONS
A24: SORTED. ELIMINATION | D24: POOLS + ELIMINATIONS | G24: Doubles | K24: Doubles | L24: Figther | N24: Total Matches | O24: Fighter | P24: Total Points
A25: Total Matches | B25: Fighter | C25: Total Points | D25: Total Matches | E25: Fighter | F25: Total Points | G25: =Pool_1!AD14 -> -11 | H25: =E3 -> Diego | K25: {=sort(G25:H42,1,FALSE)} -> -7 | L25: Tim the Burgundy Enchanter | N25: {=SORT(D26:F43,1,FALSE)} -> 8.9138974 | O25: Berend | P25: 38
A26: {=SORT(A39:C46,1,FALSE)} -> 3.0299487 | B26: Berend | C26: 14 | D26: =F53 -> -1.099 | E26: =G53 -> Diego | F26: =H53 -> 11 | G26: =Pool_1!AD15 -> -12 | H26: =E4 -> Eminence Bruin | K26: -7 | L26: Teun | N26: 8.886707 | O26: Jesse | P26: 57
A27: 1.9798535 | B27: Jesse | C27: 10 | D27: =F54 -> 3.7783407 | E27: =G54 -> Eminence Bruin | F27: =H54 -> 5 | G27: =Pool_1!AD16 -> -7 | H27: =E5 -> Tim the Burgundy Enchanter | K27: -7 | L27: Teake | N27: 5.9199597 | O27: Tjeard | P27: 7
A28: 1.5454799 | B28: Tjeard | C28: -2 | D28: =F55 -> 1.9524286 | E28: =G55 -> Tim the Burgundy Enchanter | F28: =H55 -> 17 | G28: =Pool_1!AD17 -> -7 | H28: =E6 -> Teun | K28: -7 | L28: Tjeard | N28: 3.7783407 | O28: Eminence Bruin | P28: 5
A29: 0.94567033 | B29: Eminence Bruin | C29: -2 | D29: =F56 -> 0.94133333 | E29: =G56 -> Teun | F29: =H56 -> 5 | G29: =Pool_1!AD18 -> -7 | H29: =E7 -> Teake | K29: -7 | L29: Daniel | N29: 1.9524286 | O29: Tim the Burgundy Enchanter | P29: 17
A30: -9.5238095e-05 | B30: Rory | C30: -2 | D30: =F57 -> -5.124 | E30: =G57 -> Teake | F30: =H57 -> -54 | G30: =Pool_1!AD19 -> -10 | H30: =E8 -> Ronald | K30: -7 | L30: Frank | N30: 1.8928095 | O30: Rory | P30: 21
A31: -0.00023809524 | B31: Arjan | C31: -5 | D31: =F58 -> 0.901 | E31: =G58 -> Ronald | F31: =H58 -> 1 | G31: =Pool_2!AD14 -> -13 | H31: =E9 -> Arjan | K31: -8 | L31: Maarten | N31: 0.94133333 | O31: Teun | P31: 5
A32: -0.00028571429 | B32: Tim the Burgundy Enchanter | C32: -6 | D32: =F59 -> 0.86752381 | E32: =G59 -> Arjan | F32: =H59 -> -7 | G32: =Pool_2!AD15 -> -11 | H32: =E10 -> Willem | K32: -9 | L32: Eva | N32: 0.901 | O32: Ronald | P32: 1
A33: -0.00033333333 | B33: Teun | C33: -7 | D33: =F60 -> -2.108 | E33: =G60 -> Willem | F33: =H60 -> 2 | G33: =Pool_2!AD16 -> -9 | H33: =E11 -> Eva | K33: -10 | L33: Ronald | N33: 0.86752381 | O33: Arjan | P33: -7
D34: =F61 -> -5.153 | E34: =G61 -> Eva | F34: =H61 -> -63 | G34: =Pool_2!AD17 -> -13 | H34: =E12 -> Rory | K34: -10 | L34: Mittens | N34: -1.068 | O34: Mittens | P34: 22
D35: =F62 -> 1.8928095 | E35: =G62 -> Rory | F35: =H62 -> 21 | G35: =Pool_2!AD18 -> -12 | H35: =E13 -> Jesse | K35: -11 | L35: Diego | N35: -1.087 | O35: Maarten | P35: -7
D36: =F63 -> 8.886707 | E36: =G63 -> Jesse | F36: =H63 -> 57 | G36: =Pool_2!AD19 -> -8 | H36: =E14 -> Maarten | K36: -11 | L36: Willem | N36: -1.099 | O36: Diego | P36: 11
A37: ELIMINATION SCORES | D37: =F64 -> -1.087 | E37: =G64 -> Maarten | F37: =H64 -> -7 | G37: =Pool_1!AD14 -> -11 | H37: =E15 -> Berend | K37: -11 | L37: Berend | N37: -1.152 | O37: Judith | P37: -12
A38: Total Matches | B38: Fighter | C38: Total Points | D38: =F65 -> 8.9138974 | E38: =G65 -> Berend | F38: =H65 -> 38 | G38: =Pool_1!AD15 -> -12 | H38: =E16 -> Judith | K38: -12 | L38: Eminence Bruin | N38: -2.108 | O38: Willem | P38: 2
A39: =Eliminations!BJ5 -> 1.9798535 | B39: =Eliminations!BK5 -> Jesse | C39: =Eliminations!BJ17 -> 10 | D39: =F66 -> -1.152 | E39: =G66 -> Judith | F39: =H66 -> -12 | G39: =Pool_1!AD16 -> -7 | H39: =E17 -> Tjeard | K39: -12 | L39: Jesse | N39: -2.12 | O39: Frank | P39: -30
A40: =Eliminations!BJ6 -> -0.00023809524 | B40: =Eliminations!BK6 -> Arjan | C40: =Eliminations!BJ18 -> -5 | D40: =F67 -> 5.9199597 | E40: =G67 -> Tjeard | F40: =H67 -> 7 | G40: =Pool_1!AD17 -> -7 | H40: =E18 -> Daniel | K40: -12 | L40: Judith | N40: -2.123 | O40: Daniel | P40: -13
A41: =Eliminations!BJ7 -> 1.5454799 | B41: =Eliminations!BK7 -> Tjeard | C41: =Eliminations!BJ19 -> -2 | D41: =F68 -> -2.123 | E41: =G68 -> Daniel | F41: =H68 -> -13 | G41: =Pool_1!AD18 -> -7 | H41: =E19 -> Frank | K41: -13 | L41: Arjan | N41: -5.124 | O41: Teake | P41: -54
A42: =Eliminations!BJ8 -> -9.5238095e-05 | B42: =Eliminations!BK8 -> Rory | C42: =Eliminations!BJ20 -> -2 | D42: =F69 -> -2.12 | E42: =G69 -> Frank | F42: =H69 -> -30 | G42: =Pool_1!AD19 -> -10 | H42: =E20 -> Mittens | K42: -13 | L42: Rory | N42: -5.153 | O42: Eva | P42: -63
A43: =Eliminations!BJ9 -> -0.00028571429 | B43: =Eliminations!BK9 -> Tim the Burgundy Enchanter | C43: =Eliminations!BJ21 -> -6 | D43: =F70 -> -1.068 | E43: =G70 -> Mittens | F43: =H70 -> 22 | N43: CAVEAT: THIS RESULTS DOES NOT TAKE INTO ACCOUNT DIFFERENCES IN POOL BALANCE PLUS COMPOUNDS THE IMBALANCES FROM DIRECT ELIMINATION
A44: =Eliminations!BJ10 -> 0.94567033 | B44: =Eliminations!BK10 -> Eminence Bruin | C44: =Eliminations!BJ22 -> -2 | D44: CAVEAT: THIS RESULTS DOES NOT TAKE INTO ACCOUNT DIFFERENCES IN POOL BALANCE PLUS COMPOUNDS THE IMBALANCES FROM DIRECT ELIMINATION
A45: =Eliminations!BJ11 -> -0.00033333333 | B45: =Eliminations!BK11 -> Teun | C45: =Eliminations!BJ23 -> -7
A46: =Eliminations!BJ12 -> 3.0299487 | B46: =Eliminations!BK12 -> Berend | C46: =Eliminations!BJ24 -> 14
A53: =E3 -> Diego | B53: =D3 -> -1.099 | C53: =B39 -> Jesse | D53: =A39*2 -> 3.959707 | F53: =SUMIF(A$53:C$70,A$53:A$70,B$53:D$70) -> -1.099 | G53: =A53 -> Diego | H53: =SUMIF(J$53:L$70,J$53:J$70,K$53:M$70) -> 11 | J53: =E3 -> Diego | K53: =H3 -> 11 | L53: =B39 -> Jesse | M53: =C39 -> 10
A54: =E4 -> Eminence Bruin | B54: =D4 -> 1.887 | C54: =B40 -> Arjan | D54: =A40*2 -> -0.00047619048 | F54: =SUMIF(A$53:C$70,A$53:A$70,B$53:D$70) -> 3.7783407 | G54: =A54 -> Eminence Bruin | H54: =SUMIF(J$53:L$70,J$53:J$70,K$53:M$70) -> 5 | J54: =E4 -> Eminence Bruin | K54: =H4 -> 7 | L54: =B40 -> Arjan | M54: =C40 -> -5
A55: =E5 -> Tim the Burgundy Enchanter | B55: =D5 -> 1.953 | C55: =B41 -> Tjeard | D55: =A41*2 -> 3.0909597 | F55: =SUMIF(A$53:C$70,A$53:A$70,B$53:D$70) -> 1.9524286 | G55: =A55 -> Tim the Burgundy Enchanter | H55: =SUMIF(J$53:L$70,J$53:J$70,K$53:M$70) -> 17 | J55: =E5 -> Tim the Burgundy Enchanter | K55: =H5 -> 23 | L55: =B41 -> Tjeard | M55: =C41 -> -2
A56: =E6 -> Teun | B56: =D6 -> 0.942 | C56: =B42 -> Rory | D56: =A42*2 -> -0.00019047619 | F56: =SUMIF(A$53:C$70,A$53:A$70,B$53:D$70) -> 0.94133333 | G56: =A56 -> Teun | H56: =SUMIF(J$53:L$70,J$53:J$70,K$53:M$70) -> 5 | J56: =E6 -> Teun | K56: =H6 -> 12 | L56: =B42 -> Rory | M56: =C42 -> -2
A57: =E7 -> Teake | B57: =D7 -> -5.124 | C57: =B43 -> Tim the Burgundy Enchanter | D57: =A43*2 -> -0.00057142857 | F57: =SUMIF(A$53:C$70,A$53:A$70,B$53:D$70) -> -5.124 | G57: =A57 -> Teake | H57: =SUMIF(J$53:L$70,J$53:J$70,K$53:M$70) -> -54 | J57: =E7 -> Teake | K57: =H7 -> -54 | L57: =B43 -> Tim the Burgundy Enchanter | M57: =C43 -> -6
A58: =E8 -> Ronald | B58: =D8 -> 0.901 | C58: =B44 -> Eminence Bruin | D58: =A44*2 -> 1.8913407 | F58: =SUMIF(A$53:C$70,A$53:A$70,B$53:D$70) -> 0.901 | G58: =A58 -> Ronald | H58: =SUMIF(J$53:L$70,J$53:J$70,K$53:M$70) -> 1 | J58: =E8 -> Ronald | K58: =H8 -> 1 | L58: =B44 -> Eminence Bruin | M58: =C44 -> -2
A59: =E9 -> Arjan | B59: =D9 -> 0.868 | C59: =B45 -> Teun | D59: =A45*2 -> -0.00066666667 | F59: =SUMIF(A$53:C$70,A$53:A$70,B$53:D$70) -> 0.86752381 | G59: =A59 -> Arjan | H59: =SUMIF(J$53:L$70,J$53:J$70,K$53:M$70) -> -7 | J59: =E9 -> Arjan | K59: =H9 -> -2 | L59: =B45 -> Teun | M59: =C45 -> -7
A60: =E10 -> Willem | B60: =D10 -> -2.108 | C60: =B46 -> Berend | D60: =A46*2 -> 6.0598974 | F60: =SUMIF(A$53:C$70,A$53:A$70,B$53:D$70) -> -2.108 | G60: =A60 -> Willem | H60: =SUMIF(J$53:L$70,J$53:J$70,K$53:M$70) -> 2 | J60: =E10 -> Willem | K60: =H10 -> 2 | L60: =B46 -> Berend | M60: =C46 -> 14
A61: =E11 -> Eva | B61: =D11 -> -5.153 | D61: =B34 | F61: =SUMIF(A$53:C$70,A$53:A$70,B$53:D$70) -> -5.153 | G61: =A61 -> Eva | H61: =SUMIF(J$53:L$70,J$53:J$70,K$53:M$70) -> -63 | J61: =E11 -> Eva | K61: =H11 -> -63
A62: =E12 -> Rory | B62: =D12 -> 1.893 | D62: =B35 | F62: =SUMIF(A$53:C$70,A$53:A$70,B$53:D$70) -> 1.8928095 | G62: =A62 -> Rory | H62: =SUMIF(J$53:L$70,J$53:J$70,K$53:M$70) -> 21 | J62: =E12 -> Rory | K62: =H12 -> 23
A63: =E13 -> Jesse | B63: =D13 -> 4.927 | D63: =B36 | F63: =SUMIF(A$53:C$70,A$53:A$70,B$53:D$70) -> 8.886707 | G63: =A63 -> Jesse | H63: =SUMIF(J$53:L$70,J$53:J$70,K$53:M$70) -> 57 | J63: =E13 -> Jesse | K63: =H13 -> 47
A64: =E14 -> Maarten | B64: =D14 -> -1.087 | F64: =SUMIF(A$53:C$70,A$53:A$70,B$53:D$70) -> -1.087 | G64: =A64 -> Maarten | H64: =SUMIF(J$53:L$70,J$53:J$70,K$53:M$70) -> -7 | J64: =E14 -> Maarten | K64: =H14 -> -7
A65: =E15 -> Berend | B65: =D15 -> 2.854 | F65: =SUMIF(A$53:C$70,A$53:A$70,B$53:D$70) -> 8.9138974 | G65: =A65 -> Berend | H65: =SUMIF(J$53:L$70,J$53:J$70,K$53:M$70) -> 38 | J65: =E15 -> Berend | K65: =H15 -> 24
A66: =E16 -> Judith | B66: =D16 -> -1.152 | F66: =SUMIF(A$53:C$70,A$53:A$70,B$53:D$70) -> -1.152 | G66: =A66 -> Judith | H66: =SUMIF(J$53:L$70,J$53:J$70,K$53:M$70) -> -12 | J66: =E16 -> Judith | K66: =H16 -> -12
A67: =E17 -> Tjeard | B67: =D17 -> 2.829 | F67: =SUMIF(A$53:C$70,A$53:A$70,B$53:D$70) -> 5.9199597 | G67: =A67 -> Tjeard | H67: =SUMIF(J$53:L$70,J$53:J$70,K$53:M$70) -> 7 | J67: =E17 -> Tjeard | K67: =H17 -> 9
A68: =E18 -> Daniel | B68: =D18 -> -2.123 | F68: =SUMIF(A$53:C$70,A$53:A$70,B$53:D$70) -> -2.123 | G68: =A68 -> Daniel | H68: =SUMIF(J$53:L$70,J$53:J$70,K$53:M$70) -> -13 | J68: =E18 -> Daniel | K68: =H18 -> -13
A69: =E19 -> Frank | B69: =D19 -> -2.12 | F69: =SUMIF(A$53:C$70,A$53:A$70,B$53:D$70) -> -2.12 | G69: =A69 -> Frank | H69: =SUMIF(J$53:L$70,J$53:J$70,K$53:M$70) -> -30 | J69: =E19 -> Frank | K69: =H19 -> -30
A70: =E20 -> Mittens | B70: =D20 -> -1.068 | F70: =SUMIF(A$53:C$70,A$53:A$70,B$53:D$70) -> -1.068 | G70: =A70 -> Mittens | H70: =SUMIF(J$53:L$70,J$53:J$70,K$53:M$70) -> 22 | J70: =E20 -> Mittens | K70: =H20 -> 22
